date,future,subgroup,approve_estimate,approve_hi,approve_lo,disapprove_estimate,disapprove_hi,disapprove_lo
2021-01-23,false,Adults,55,61.45853,48.54147,32,38.45853,25.54147
2021-01-23,false,All polls,52.9743,58.21402,47.73458,36.03907,41.27879,30.79935
2021-01-23,false,Voters,53.57021,58.83284,48.30757,36.14697,41.4096,30.88433
2021-01-24,false,Adults,55,61.45853,48.54147,32,38.45853,25.54147
2021-01-24,false,All polls,52.9743,58.21402,47.73458,36.03907,41.27879,30.79935
2021-01-24,false,Voters,53.57021,58.83284,48.30757,36.14697,41.4096,30.88433
2021-01-25,false,Adults,55,61.45853,48.54147,32,38.45853,25.54147
2021-01-25,false,All polls,54.9925,59.99842,49.98658,37.27006,42.27598,32.26414
2021-01-25,false,Voters,55.4547,60.47363,50.43578,37.35875,42.37767,32.33982
2021-01-26,false,Adults,55,61.45853,48.54147,32,38.45853,25.54147
2021-01-26,false,All polls,54.80725,59.79297,49.82153,37.49861,42.48433,32.51289
2021-01-26,false,Voters,55.25678,60.25497,50.25858,37.59433,42.59253,32.59613
2021-01-27,false,Adults,53.243714,58.364386,48.123041,31.5518,36.672473,26.431128
2021-01-27,false,All polls,53.949072,58.633175,49.264969,35.09413,39.778233,30.410028
2021-01-27,false,Voters,54.449358,59.16028,49.738435,36.011902,40.722825,31.30098
2021-01-28,false,Adults,53.111271,58.022936,48.199606,31.162567,36.074232,26.250902
2021-01-28,false,All polls,54.222706,58.79623,49.649183,34.663625,39.237149,30.090102
2021-01-28,false,Voters,55.100066,59.707971,50.492161,35.737157,40.345062,31.129252
2021-01-29,false,Adults,53.111271,58.022936,48.199606,31.162567,36.074232,26.250902
2021-01-29,false,All polls,54.281215,58.884888,49.677542,34.557801,39.161473,29.954128
2021-01-29,false,Voters,55.142022,59.780656,50.503388,35.632336,40.27097,30.993702
2021-01-30,true,Adults,53.102586,58.054765,48.150407,31.184868,36.137047,26.232689
2021-01-30,true,All polls,54.270545,58.916314,49.624777,34.574341,39.220109,29.928573
2021-01-30,true,Voters,55.129892,59.81043,50.449353,35.647054,40.327592,30.966515
2021-01-31,true,Adults,53.09386,58.119271,48.06845,31.207195,36.232606,26.181784
2021-01-31,true,All polls,54.259839,58.981606,49.538073,34.590921,39.312687,29.869154
2021-01-31,true,Voters,55.117728,59.873932,50.361525,35.661815,40.418018,30.905611
2021-02-01,true,Adults,53.085095,58.203781,47.966409,31.22955,36.348236,26.110864
2021-02-01,true,All polls,54.249098,59.067497,49.430698,34.60754,39.425939,29.78914
2021-02-01,true,Voters,55.105533,59.957966,50.253099,35.676618,40.529052,30.824184
2021-02-02,true,Adults,53.076291,58.303281,47.849301,31.25193,36.47892,26.02494
2021-02-02,true,All polls,54.238321,59.168704,49.307938,34.624197,39.55458,29.693813
2021-02-02,true,Voters,55.093304,60.057281,50.129328,35.691463,40.65544,30.727487
2021-02-03,true,Adults,53.067447,58.414629,47.720265,31.274337,36.621519,25.927155
2021-02-03,true,All polls,54.227509,59.28191,49.173108,34.640891,39.695293,29.58649
2021-02-03,true,Voters,55.081044,60.168582,49.993507,35.706351,40.793888,30.618813
2021-02-04,true,Adults,53.058564,58.535576,47.581552,31.296768,36.773781,25.819756
2021-02-04,true,All polls,54.216662,59.404744,49.02858,34.657623,39.845705,29.469542
2021-02-04,true,Voters,55.068753,60.289513,49.847993,35.721279,40.942039,30.500519
2021-02-05,true,Adults,53.049643,58.664404,47.434882,31.319225,36.933986,25.704464
2021-02-05,true,All polls,54.205781,59.5354,48.876163,34.674392,40.004011,29.344774
2021-02-05,true,Voters,55.05643,60.418277,49.694583,35.736248,41.098095,30.374401
2021-02-06,true,Adults,53.040684,58.818382,47.262986,31.341705,37.119404,25.564007
2021-02-06,true,All polls,54.194867,59.67944,48.710293,34.691198,40.175771,29.206624
2021-02-06,true,Voters,55.044076,60.561807,49.526345,35.751257,41.268988,30.233526
2021-02-07,true,Adults,53.031687,58.965265,47.098109,31.36421,37.297788,25.430632
2021-02-07,true,All polls,54.183918,59.815915,48.551921,34.708039,40.340036,29.076042
2021-02-07,true,Voters,55.031692,60.697824,49.36556,35.766306,41.432438,30.100174
2021-02-08,true,Adults,53.022653,59.104993,46.940312,31.386738,37.469078,25.304397
2021-02-08,true,All polls,54.172936,59.945092,48.400781,34.724915,40.497071,28.95276
2021-02-08,true,Voters,55.019278,60.826558,49.211997,35.781394,41.588675,29.974113
2021-02-09,true,Adults,53.013581,59.237872,46.78929,31.409288,37.633579,25.184997
2021-02-09,true,All polls,54.161922,60.067458,48.256386,34.741827,40.647363,28.836291
2021-02-09,true,Voters,55.006833,60.948478,49.065188,35.796521,41.738165,29.854876
2021-02-10,true,Adults,53.004473,59.364346,46.644599,31.431861,37.791734,25.071987
2021-02-10,true,All polls,54.150875,60.18356,48.118189,34.758773,40.791458,28.726087
2021-02-10,true,Voters,54.994359,61.06412,48.924599,35.811686,41.881446,29.741925
2021-02-11,true,Adults,52.995328,59.484898,46.505759,31.454455,37.944025,24.964886
2021-02-11,true,All polls,54.139795,60.293939,47.985651,34.775752,40.929896,28.621608
2021-02-11,true,Voters,54.981856,61.174017,48.789695,35.826888,42.019049,29.634727
2021-02-12,true,Adults,52.986147,59.6,46.372295,31.477071,38.090923,24.863219
2021-02-12,true,All polls,54.128684,60.399097,47.85827,34.792765,41.063179,28.522352
2021-02-12,true,Voters,54.969325,61.278671,48.659978,35.842128,42.151474,29.532782
2021-02-13,true,Adults,52.976931,59.710097,46.243765,31.499708,38.232874,24.766542
2021-02-13,true,All polls,54.117541,60.499493,47.735589,34.809811,41.191763,28.427859
2021-02-13,true,Voters,54.956764,61.378537,48.534992,35.857405,42.279177,29.435632
2021-02-14,true,Adults,52.967679,59.815597,46.119761,31.522365,38.370283,24.674447
2021-02-14,true,All polls,54.106367,60.595538,47.617196,34.82689,41.31606,28.337719
2021-02-14,true,Voters,54.944176,61.474026,48.414325,35.872717,42.402568,29.342867
2021-02-15,true,Adults,52.958392,59.916871,45.999914,31.545042,38.50352,24.586563
2021-02-15,true,All polls,54.095161,60.687598,47.502725,34.844,41.436437,28.251563
2021-02-15,true,Voters,54.931559,61.565508,48.297611,35.888066,42.522014,29.254118
2021-02-16,true,Adults,52.949071,60.01425,45.883891,31.567738,38.632917,24.502558
2021-02-16,true,All polls,54.083926,60.776003,47.391849,34.861142,41.553219,28.169065
2021-02-16,true,Voters,54.918915,61.653308,48.184522,35.90345,42.637843,29.169057
2021-02-17,true,Adults,52.939715,60.108035,45.771394,31.590453,38.758774,24.422132
2021-02-17,true,All polls,54.07266,60.861042,47.284278,34.878314,41.666697,28.089932
2021-02-17,true,Voters,54.906244,61.737722,48.074767,35.918868,42.750346,29.087391
2021-02-18,true,Adults,52.930325,60.198496,45.662153,31.613186,38.881358,24.345015
2021-02-18,true,All polls,54.061364,60.942977,47.179751,34.895517,41.777131,28.013904
2021-02-18,true,Voters,54.893547,61.819008,47.968085,35.934321,42.859783,29.00886
2021-02-19,true,Adults,52.920901,60.285874,45.555928,31.635938,39.000911,24.270965
2021-02-19,true,All polls,54.050039,61.02204,47.078038,34.912751,41.884752,27.94075
2021-02-19,true,Voters,54.880822,61.897402,47.864242,35.949808,42.966388,28.933228
2021-02-20,true,Adults,52.911444,60.370388,45.4525,31.658707,39.117651,24.199763
2021-02-20,true,All polls,54.038685,61.098439,46.97893,34.930013,41.989768,27.870259
2021-02-20,true,Voters,54.868072,61.973113,47.763031,35.965328,43.07037,28.860287
2021-02-21,true,Adults,52.901953,60.452234,45.351673,31.681493,39.231773,24.131212
2021-02-21,true,All polls,54.027301,61.172362,46.88224,34.947305,42.092366,27.802244
2021-02-21,true,Voters,54.855295,62.046329,47.664262,35.980881,43.171915,28.789848
2021-02-22,true,Adults,52.892431,60.53159,45.253271,31.704295,39.343454,24.065136
2021-02-22,true,All polls,54.015889,61.243977,46.787802,34.964626,42.192713,27.736538
2021-02-22,true,Voters,54.842494,62.11722,47.567768,35.996467,43.271193,28.721741
2021-02-23,true,Adults,52.882875,60.608617,45.157133,31.727113,39.452855,24.001371
2021-02-23,true,All polls,54.004449,61.313436,46.695462,34.981974,42.290961,27.672987
2021-02-23,true,Voters,54.829667,62.185939,47.473395,36.012084,43.368356,28.655812
2021-02-24,true,Adults,52.873288,60.683463,45.063113,31.749947,39.560122,23.939772
2021-02-24,true,All polls,53.992981,61.380878,46.605084,34.99935,42.387247,27.611453
2021-02-24,true,Voters,54.816815,62.252625,47.381005,36.027733,43.463543,28.591923
2021-02-25,true,Adults,52.863669,60.756259,44.971079,31.772796,39.665386,23.880206
2021-02-25,true,All polls,53.981486,61.446428,46.516544,35.016754,42.481696,27.551811
2021-02-25,true,Voters,54.803939,62.317404,47.290473,36.043413,43.556878,28.529947
2021-02-26,true,Adults,52.854018,60.827128,44.880909,31.79566,39.768769,23.82255
2021-02-26,true,All polls,53.969963,61.5102,46.429726,35.034183,42.57442,27.493947
2021-02-26,true,Voters,54.791039,62.380392,47.201685,36.059123,43.648477,28.469769
2021-02-27,true,Adults,52.844337,60.896181,44.792493,31.818537,39.870381,23.766693
2021-02-27,true,All polls,53.958413,61.572297,46.344529,35.05164,42.665524,27.437756
2021-02-27,true,Voters,54.778114,62.441694,47.114535,36.074863,43.738443,28.411284
2021-02-28,true,Adults,52.834625,60.96352,44.70573,31.841429,39.970324,23.712533
2021-02-28,true,All polls,53.946837,61.632816,46.260858,35.069121,42.755101,27.383142
2021-02-28,true,Voters,54.765167,62.501405,47.028928,36.090633,43.826872,28.354395
2021-03-01,true,Adults,52.824882,61.029239,44.620526,31.864333,40.068689,23.659977
2021-03-01,true,All polls,53.935235,61.691845,46.178625,35.086629,42.843239,27.330019
2021-03-01,true,Voters,54.752196,62.559614,46.944778,36.106432,43.91385,28.299014
2021-03-02,true,Adults,52.81511,61.093423,44.536796,31.88725,40.165564,23.608937
2021-03-02,true,All polls,53.923606,61.749462,46.097751,35.104161,42.930016,27.278305
2021-03-02,true,Voters,54.739202,62.616401,46.862003,36.12226,43.999459,28.245061
2021-03-03,true,Adults,52.805307,61.156153,44.454462,31.91018,40.261025,23.559334
2021-03-03,true,All polls,53.911953,61.805743,46.018162,35.121717,43.015507,27.227926
2021-03-03,true,Voters,54.726186,62.671842,46.78053,36.138116,44.083772,28.192459
2021-03-04,true,Adults,52.795475,61.217501,44.37345,31.933121,40.355147,23.511095
2021-03-04,true,All polls,53.900273,61.860756,45.939791,35.139297,43.099779,27.178815
2021-03-04,true,Voters,54.713148,62.726006,46.700289,36.153999,44.166857,28.141141
2021-03-05,true,Adults,52.785614,61.277537,44.293692,31.956074,40.447996,23.464151
2021-03-05,true,All polls,53.888569,61.914564,45.862575,35.156901,43.182895,27.130906
2021-03-05,true,Voters,54.700087,62.778956,46.621219,36.16991,44.248778,28.091042
2021-03-06,true,Adults,52.775725,61.336323,44.215127,31.979037,40.539635,23.418439
2021-03-06,true,All polls,53.876841,61.967225,45.786456,35.174527,43.264912,27.084143
2021-03-06,true,Voters,54.687006,62.830751,46.54326,36.185847,44.329593,28.042102
2021-03-07,true,Adults,52.765807,61.393918,44.137696,32.002011,40.630122,23.3739
2021-03-07,true,All polls,53.865088,62.018795,45.71138,35.192176,43.345883,27.038469
2021-03-07,true,Voters,54.673903,62.881447,46.466358,36.201811,44.409355,27.994267
2021-03-08,true,Adults,52.755861,61.450376,44.061345,32.024994,40.71951,23.330479
2021-03-08,true,All polls,53.853311,62.069324,45.637298,35.209847,43.42586,26.993834
2021-03-08,true,Voters,54.660779,62.931095,46.390463,36.217801,44.488116,27.947485
2021-03-09,true,Adults,52.745886,61.505749,43.986024,32.047988,40.80785,23.288125
2021-03-09,true,All polls,53.84151,62.118858,45.564162,35.22754,43.504888,26.950192
2021-03-09,true,Voters,54.647634,62.979741,46.315528,36.233816,44.565922,27.901709
2021-03-10,true,Adults,52.735885,61.560084,43.911686,32.07099,40.895189,23.246791
2021-03-10,true,All polls,53.829686,62.167443,45.49193,35.245253,43.58301,26.907496
2021-03-10,true,Voters,54.63447,63.027431,46.241508,36.249856,44.642817,27.856894
2021-03-11,true,Adults,52.725856,61.613426,43.838287,32.094001,40.981571,23.206431
2021-03-11,true,All polls,53.81784,62.21512,45.42056,35.262988,43.660268,26.865708
2021-03-11,true,Voters,54.621285,63.074207,46.168364,36.26592,44.718842,27.812998
2021-03-12,true,Adults,52.715801,61.665817,43.765785,32.11702,41.067035,23.167004
2021-03-12,true,All polls,53.80597,62.261926,45.350015,35.280742,43.736698,26.824787
2021-03-12,true,Voters,54.608081,63.120107,46.096056,36.282009,44.794034,27.769983
2021-03-13,true,Adults,52.705719,61.717294,43.694144,32.140046,41.151622,23.128471
2021-03-13,true,All polls,53.794078,62.307898,45.280259,35.298516,43.812336,26.784697
2021-03-13,true,Voters,54.594858,63.165167,46.024548,36.29812,44.86843,27.727811
2021-03-14,true,Adults,52.695611,61.767896,43.623325,32.16308,41.235365,23.090794
2021-03-14,true,All polls,53.782164,62.35307,45.211259,35.31631,43.887215,26.745405
2021-03-14,true,Voters,54.581615,63.209422,45.953809,36.314256,44.942062,27.686449
2021-03-15,true,Adults,52.685477,61.817657,43.553296,32.18612,41.318301,23.05394
2021-03-15,true,All polls,53.770229,62.397474,45.142984,35.334122,43.961367,26.706878
2021-03-15,true,Voters,54.568354,63.252904,45.883804,36.330413,45.014963,27.645863
2021-03-16,true,Adults,52.675317,61.86661,43.484025,32.209167,41.400459,23.017875
2021-03-16,true,All polls,53.758272,62.441139,45.075405,35.351953,44.03482,26.669086
2021-03-16,true,Voters,54.555075,63.295643,45.814506,36.346593,45.087162,27.606025
2021-03-17,true,Adults,52.665132,61.914784,43.415481,32.23222,41.481871,22.982568
2021-03-17,true,All polls,53.746294,62.484095,45.008493,35.369802,44.107602,26.632001
2021-03-17,true,Voters,54.541777,63.337669,45.745886,36.362795,45.158686,27.566903
2021-03-18,true,Adults,52.654923,61.962209,43.347636,32.255277,41.562564,22.947991
2021-03-18,true,All polls,53.734295,62.526367,44.942223,35.387668,44.17974,26.595596
2021-03-18,true,Voters,54.528462,63.379007,45.677918,36.379018,45.229562,27.528473
2021-03-19,true,Adults,52.644688,62.008912,43.280464,32.27834,41.642564,22.914116
2021-03-19,true,All polls,53.722276,62.567982,44.87657,35.405551,44.251256,26.559845
2021-03-19,true,Voters,54.51513,63.419683,45.610576,36.395262,45.299815,27.490708
2021-03-20,true,Adults,52.63443,62.05492,43.213939,32.301408,41.721898,22.880917
2021-03-20,true,All polls,53.710237,62.608962,44.811511,35.42345,44.322176,26.524725
2021-03-20,true,Voters,54.50178,63.459722,45.543839,36.411526,45.369467,27.453584
2021-03-21,true,Adults,52.624147,62.100256,43.148038,32.324479,41.800588,22.84837
2021-03-21,true,All polls,53.698178,62.64933,44.747025,35.441366,44.392519,26.490213
2021-03-21,true,Voters,54.488414,63.499146,45.477683,36.42781,45.438541,27.417078
2021-03-22,true,Adults,52.613841,62.144944,43.082737,32.347554,41.878658,22.816451
2021-03-22,true,All polls,53.686099,62.689108,44.683089,35.459298,44.462307,26.456288
2021-03-22,true,Voters,54.475031,63.537976,45.412087,36.444114,45.507058,27.381169
2021-03-23,true,Adults,52.603511,62.189006,43.018016,32.370632,41.956127,22.785137
2021-03-23,true,All polls,53.674001,62.728317,44.619686,35.477244,44.53156,26.422929
2021-03-23,true,Voters,54.461633,63.576234,45.347032,36.460436,45.575037,27.345835
2021-03-24,true,Adults,52.593159,62.232463,42.953854,32.393713,42.033017,22.754409
2021-03-24,true,All polls,53.661884,62.766974,44.556795,35.495206,44.600295,26.390116
2021-03-24,true,Voters,54.448218,63.613938,45.282498,36.476778,45.642497,27.311058
2021-03-25,true,Adults,52.582783,62.275334,42.890232,32.416796,42.109347,22.724245
2021-03-25,true,All polls,53.649749,62.805099,44.4944,35.513182,44.668531,26.357832
2021-03-25,true,Voters,54.434788,63.651107,45.218469,36.493137,45.709456,27.276818
2021-03-26,true,Adults,52.572385,62.317639,42.827132,32.439881,42.185135,22.694627
2021-03-26,true,All polls,53.637596,62.842708,44.432483,35.531172,44.736284,26.326059
2021-03-26,true,Voters,54.421343,63.687758,45.154927,36.509514,45.77593,27.243099
2021-03-27,true,Adults,52.561966,62.359396,42.764535,32.462967,42.260398,22.665537
2021-03-27,true,All polls,53.625424,62.87982,44.371029,35.549175,44.80357,26.29478
2021-03-27,true,Voters,54.407882,63.723909,45.091856,36.525909,45.841936,27.209882
2021-03-28,true,Adults,52.551524,62.400621,42.702427,32.486055,42.335152,22.636957
2021-03-28,true,All polls,53.613235,62.916448,44.310023,35.567191,44.870404,26.263978
2021-03-28,true,Voters,54.394408,63.759576,45.02924,36.54232,45.907488,27.177152
2021-03-29,true,Adults,52.541061,62.441331,42.64079,32.509142,42.409413,22.608872
2021-03-29,true,All polls,53.601029,62.952608,44.249449,35.58522,44.936799,26.23364
2021-03-29,true,Voters,54.380919,63.794772,44.967066,36.558748,45.972601,27.144895
2021-03-30,true,Adults,52.530577,62.481543,42.579611,32.53223,42.483196,22.581264
2021-03-30,true,All polls,53.588806,62.988315,44.189296,35.603261,45.002771,26.203751
2021-03-30,true,Voters,54.367416,63.829514,44.905318,36.575192,46.037289,27.113094
2021-03-31,true,Adults,52.520071,62.521269,42.518874,32.555318,42.556516,22.55412
2021-03-31,true,All polls,53.576565,63.023583,44.129548,35.621314,45.068331,26.174296
2021-03-31,true,Voters,54.353899,63.863814,44.843985,36.591651,46.101566,27.081737
2021-04-01,true,Adults,52.509546,62.560526,42.458566,32.578404,42.629384,22.527424
2021-04-01,true,All polls,53.564309,63.058424,44.070194,35.639378,45.133492,26.145263
2021-04-01,true,Voters,54.34037,63.897686,44.783053,36.608126,46.165442,27.050809
2021-04-02,true,Adults,52.499,62.599326,42.398674,32.60149,42.701816,22.501164
2021-04-02,true,All polls,53.552037,63.09285,44.011223,35.657453,45.198266,26.116639
2021-04-02,true,Voters,54.326827,63.931143,44.722511,36.624615,46.228931,27.020299
2021-04-03,true,Adults,52.488434,62.637682,42.339185,32.624574,42.773822,22.475325
2021-04-03,true,All polls,53.539748,63.126875,43.952622,35.675538,45.262665,26.088411
2021-04-03,true,Voters,54.313271,63.964196,44.662346,36.641118,46.292043,26.990193
2021-04-04,true,Adults,52.477848,62.675608,42.280088,32.647655,42.845415,22.449896
2021-04-04,true,All polls,53.527444,63.160509,43.89438,35.693633,45.326698,26.060569
2021-04-04,true,Voters,54.299703,63.996858,44.602548,36.657635,46.35479,26.96048
2021-04-05,true,Adults,52.467243,62.713115,42.221372,32.670735,42.916606,22.424863
2021-04-05,true,All polls,53.515125,63.193763,43.836488,35.711738,45.390376,26.033101
2021-04-05,true,Voters,54.286123,64.029139,44.543107,36.674166,46.417182,26.93115
2021-04-06,true,Adults,52.456619,62.750214,42.163025,32.693811,42.987405,22.400216
2021-04-06,true,All polls,53.502792,63.226648,43.778935,35.729852,45.453709,26.005996
2021-04-06,true,Voters,54.272531,64.061051,44.484011,36.69071,46.479229,26.90219
2021-04-07,true,Adults,52.445977,62.786917,42.105037,32.716884,43.057823,22.375944
2021-04-07,true,All polls,53.490443,63.259174,43.721712,35.747975,45.516706,25.979244
2021-04-07,true,Voters,54.258928,64.092602,44.425253,36.707266,46.54094,26.873591
2021-04-08,true,Adults,52.435316,62.823234,42.047398,32.739953,43.127871,22.352035
2021-04-08,true,All polls,53.478081,63.291351,43.66481,35.766106,45.579377,25.952835
2021-04-08,true,Voters,54.245313,64.123804,44.366822,36.723834,46.602325,26.845343
2021-04-09,true,Adults,52.424636,62.859175,41.990098,32.763017,43.197556,22.328479
2021-04-09,true,All polls,53.465704,63.323188,43.60822,35.784245,45.641729,25.92676
2021-04-09,true,Voters,54.231688,64.154666,44.308709,36.740414,46.663392,26.817435
2021-04-10,true,Adults,52.413939,62.89475,41.933128,32.786078,43.266888,22.305267
2021-04-10,true,All polls,53.453314,63.354695,43.551933,35.802391,45.703772,25.90101
2021-04-10,true,Voters,54.218051,64.185196,44.250907,36.757005,46.724149,26.78986
2021-04-11,true,Adults,52.403225,62.929969,41.87648,32.809133,43.335877,22.282388
2021-04-11,true,All polls,53.44091,63.385879,43.495942,35.820544,45.765513,25.875576
2021-04-11,true,Voters,54.204405,64.215403,44.193407,36.773607,46.784605,26.762609
2021-04-12,true,Adults,52.392493,62.964841,41.820145,32.832182,43.40453,22.259835
2021-04-12,true,All polls,53.428493,63.416748,43.440238,35.838704,45.826959,25.850449
2021-04-12,true,Voters,54.190749,64.245297,44.136201,36.790219,46.844767,26.735671
2021-04-13,true,Adults,52.381744,62.999373,41.764115,32.855226,43.472855,22.237597
2021-04-13,true,All polls,53.416064,63.447313,43.384815,35.85687,45.888119,25.825622
2021-04-13,true,Voters,54.177083,64.274884,44.079281,36.806842,46.904643,26.70904
2021-04-14,true,Adults,52.370979,63.033576,41.708382,32.878263,43.54086,22.215666
2021-04-14,true,All polls,53.403622,63.477578,43.329666,35.875042,45.948998,25.801086
2021-04-14,true,Voters,54.163407,64.304172,44.022642,36.823474,46.964239,26.682708
2021-04-15,true,Adults,52.360197,63.067456,41.652938,32.901294,43.608553,22.194035
2021-04-15,true,All polls,53.391168,63.507553,43.274782,35.893219,46.009605,25.776834
2021-04-15,true,Voters,54.149722,64.33317,43.966274,36.840115,47.023563,26.656667
2021-04-16,true,Adults,52.3494,63.101022,41.597777,32.924317,43.67594,22.172694
2021-04-16,true,All polls,53.378702,63.537245,43.220159,35.911401,46.069944,25.752859
2021-04-16,true,Voters,54.136029,64.361885,43.910173,36.856764,47.08262,26.630909
2021-04-17,true,Adults,52.338586,63.134281,41.542891,32.947333,43.743028,22.151637
2021-04-17,true,All polls,53.366224,63.566659,43.165789,35.929588,46.130023,25.729153
2021-04-17,true,Voters,54.122327,64.390323,43.854332,36.873423,47.141418,26.605427
2021-04-18,true,Adults,52.327757,63.167241,41.488273,32.970341,43.809825,22.130857
2021-04-18,true,All polls,53.353736,63.595804,43.111667,35.947778,46.189847,25.70571
2021-04-18,true,Voters,54.108617,64.418491,43.798743,36.890089,47.199962,26.580215
2021-04-19,true,Adults,52.316913,63.199908,41.433918,32.99334,43.876335,22.110345
2021-04-19,true,All polls,53.341236,63.624685,43.057787,35.965973,46.249422,25.682524
2021-04-19,true,Voters,54.094899,64.446395,43.743403,36.906762,47.258258,26.555266
2021-04-20,true,Adults,52.306054,63.23229,41.379819,33.016331,43.942566,22.090095
2021-04-20,true,All polls,53.328725,63.653309,43.004142,35.98417,46.308754,25.659587
2021-04-20,true,Voters,54.081173,64.474043,43.688304,36.923443,47.316312,26.530574
2021-04-21,true,Adults,52.295181,63.264392,41.32597,33.039312,44.008523,22.070101
2021-04-21,true,All polls,53.316204,63.681681,42.950728,36.002371,46.367847,25.636894
2021-04-21,true,Voters,54.06744,64.501439,43.633441,36.94013,47.374129,26.506131
2021-04-22,true,Adults,52.284293,63.296221,41.272365,33.062283,44.074212,22.050355
2021-04-22,true,All polls,53.303673,63.709808,42.897539,36.020573,46.426708,25.614439
2021-04-22,true,Voters,54.0537,64.528591,43.57881,36.956824,47.431714,26.481933
2021-04-23,true,Adults,52.273391,63.327784,41.218999,33.085245,44.139638,22.030852
2021-04-23,true,All polls,53.291133,63.737695,42.84457,36.038778,46.485341,25.592216
2021-04-23,true,Voters,54.039954,64.555503,43.524404,36.973523,47.489073,26.457974
2021-04-24,true,Adults,52.262476,63.359086,41.165866,33.108196,44.204806,22.011586
2021-04-24,true,All polls,53.278582,63.765348,42.791817,36.056985,46.54375,25.570219
2021-04-24,true,Voters,54.0262,64.582182,43.470219,36.990228,47.546209,26.434247
2021-04-25,true,Adults,52.251547,63.390133,41.112961,33.131136,44.269722,21.99255
2021-04-25,true,All polls,53.266023,63.792771,42.739274,36.075192,46.601941,25.548444
2021-04-25,true,Voters,54.012441,64.608631,43.41625,37.006938,47.603129,26.410747
2021-04-26,true,Adults,52.240605,63.420931,41.06028,33.154065,44.334391,21.97374
2021-04-26,true,All polls,53.253454,63.819971,42.686938,36.093401,46.659917,25.526884
2021-04-26,true,Voters,53.998676,64.634858,43.362493,37.023652,47.659835,26.38747
2021-04-27,true,Adults,52.229651,63.451485,41.007817,33.176982,44.398816,21.955148
2021-04-27,true,All polls,53.240877,63.846951,42.634803,36.11161,46.717684,25.505536
2021-04-27,true,Voters,53.984905,64.660866,43.308943,37.040371,47.716333,26.36441
2021-04-28,true,Adults,52.218683,63.4818,40.955567,33.199888,44.463004,21.936771
2021-04-28,true,All polls,53.228292,63.873718,42.582866,36.129819,46.775245,25.484393
2021-04-28,true,Voters,53.971129,64.686661,43.255596,37.057094,47.772626,26.341561
2021-04-29,true,Adults,52.207704,63.511881,40.903527,33.22278,44.526957,21.918603
2021-04-29,true,All polls,53.215698,63.900275,42.531122,36.148027,46.832603,25.463451
2021-04-29,true,Voters,53.957347,64.712247,43.202448,37.07382,47.828719,26.31892
2021-04-30,true,Adults,52.196713,63.541734,40.851691,33.24566,44.590681,21.900638
2021-04-30,true,All polls,53.203097,63.926626,42.479567,36.166235,46.889764,25.442705
2021-04-30,true,Voters,53.943562,64.737629,43.149494,37.090549,47.884616,26.296481
2021-05-01,true,Adults,52.185709,63.571363,40.800056,33.268526,44.65418,21.882873
2021-05-01,true,All polls,53.190488,63.952778,42.428198,36.184441,46.946731,25.422151
2021-05-01,true,Voters,53.929771,64.762811,43.096731,37.10728,47.94032,26.27424
2021-05-02,true,Adults,52.174695,63.600772,40.748618,33.291379,44.717456,21.865302
2021-05-02,true,All polls,53.177872,63.978732,42.377011,36.202646,47.003506,25.401785
2021-05-02,true,Voters,53.915977,64.787798,43.044155,37.124014,47.995835,26.252193
2021-05-03,true,Adults,52.163669,63.629967,40.697372,33.314218,44.780515,21.84792
2021-05-03,true,All polls,53.165249,64.004495,42.326003,36.220849,47.060095,25.381602
2021-05-03,true,Voters,53.902178,64.812594,42.991763,37.14075,48.051165,26.230334
2021-05-04,true,Adults,52.152633,63.658952,40.646315,33.337042,44.84336,21.830723
2021-05-04,true,All polls,53.152619,64.03007,42.275169,36.239049,47.116499,25.361599
2021-05-04,true,Voters,53.888376,64.837202,42.939551,37.157487,48.106312,26.208661
2021-05-05,true,Adults,52.141586,63.68773,40.595442,33.359851,44.905995,21.813707
2021-05-05,true,All polls,53.139983,64.05546,42.224507,36.257247,47.172723,25.34177
2021-05-05,true,Voters,53.874571,64.861627,42.887515,37.174225,48.161281,26.187169
2021-05-06,true,Adults,52.130529,63.716307,40.544752,33.382645,44.968422,21.796868
2021-05-06,true,All polls,53.127341,64.08067,42.174013,36.275441,47.228769,25.322113
2021-05-06,true,Voters,53.860763,64.885873,42.835653,37.190963,48.216073,26.165853
2021-05-07,true,Adults,52.119462,63.744685,40.494239,33.405423,45.030646,21.7802
2021-05-07,true,All polls,53.114693,64.105703,42.123684,36.293632,47.284641,25.302622
2021-05-07,true,Voters,53.846952,64.909943,42.783961,37.207702,48.270694,26.144711
2021-05-08,true,Adults,52.108385,63.77287,40.443901,33.428186,45.09267,21.763701
2021-05-08,true,All polls,53.10204,64.130563,42.073517,36.311819,47.340341,25.283296
2021-05-08,true,Voters,53.833139,64.933842,42.732436,37.224441,48.325144,26.123738
2021-05-09,true,Adults,52.097299,63.800864,40.393734,33.450931,45.154496,21.747366
2021-05-09,true,All polls,53.089381,64.155253,42.02351,36.330001,47.395873,25.264129
2021-05-09,true,Voters,53.819323,64.957571,42.681075,37.241179,48.379428,26.102931
2021-05-10,true,Adults,52.086204,63.828672,40.343736,33.47366,45.216128,21.731192
2021-05-10,true,All polls,53.076718,64.179777,41.973658,36.348179,47.451238,25.245119
2021-05-10,true,Voters,53.805506,64.981136,42.629875,37.257917,48.433547,26.082286
2021-05-11,true,Adults,52.0751,63.856297,40.293902,33.496372,45.277569,21.715175
2021-05-11,true,All polls,53.064049,64.204138,41.923961,36.366351,47.50644,25.226262
2021-05-11,true,Voters,53.791686,65.00454,42.578833,37.274653,48.487506,26.061799
2021-05-12,true,Adults,52.063987,63.883743,40.244231,33.519066,45.338822,21.69931
2021-05-12,true,All polls,53.051377,64.22834,41.874414,36.384518,47.561481,25.207555
2021-05-12,true,Voters,53.777866,65.027785,42.527948,37.291387,48.541305,26.041468
2021-05-13,true,Adults,52.052866,63.911012,40.194719,33.541742,45.399888,21.683595
2021-05-13,true,All polls,53.0387,64.252385,41.825015,36.402679,47.616364,25.188994
2021-05-13,true,Voters,53.764045,65.050874,42.477215,37.308119,48.594949,26.021289
2021-05-14,true,Adults,52.041737,63.93811,40.145364,33.5644,45.460772,21.668027
2021-05-14,true,All polls,53.026019,64.276276,41.775762,36.420834,47.671091,25.170577
2021-05-14,true,Voters,53.750222,65.073812,42.426633,37.324848,48.648438,26.001259
2021-05-15,true,Adults,52.0306,63.965038,40.096163,33.587038,45.521476,21.652601
2021-05-15,true,All polls,53.013335,64.300018,41.726653,36.438982,47.725664,25.1523
2021-05-15,true,Voters,53.7364,65.096601,42.376199,37.341575,48.701776,25.981374
2021-05-16,true,Adults,52.019456,63.9918,40.047112,33.609658,45.582002,21.637314
2021-05-16,true,All polls,53.000648,64.323611,41.677684,36.457123,47.780086,25.134159
2021-05-16,true,Voters,53.722577,65.119243,42.32591,37.358299,48.754965,25.961632
2021-05-17,true,Adults,52.008305,64.018399,39.998211,33.632258,45.642352,21.622164
2021-05-17,true,All polls,52.987957,64.34706,41.628854,36.475256,47.834359,25.116153
2021-05-17,true,Voters,53.708754,65.141743,42.275765,37.375019,48.808007,25.94203
2021-05-18,true,Adults,51.997146,64.044838,39.949455,33.654838,45.70253,21.607147
2021-05-18,true,All polls,52.975264,64.370367,41.580161,36.493382,47.888485,25.098278
2021-05-18,true,Voters,53.694931,65.164102,42.225761,37.391734,48.860905,25.922564
2021-05-19,true,Adults,51.985982,64.07112,39.900843,33.677398,45.762536,21.59226
2021-05-19,true,All polls,52.962568,64.393536,41.531601,36.511499,47.942466,25.080532
2021-05-19,true,Voters,53.681109,65.186323,42.175895,37.408446,48.91366,25.903232
2021-05-20,true,Adults,51.97481,64.097248,39.852373,33.699937,45.822374,21.5775
2021-05-20,true,All polls,52.949871,64.416567,41.483174,36.529608,47.996305,25.062912
2021-05-20,true,Voters,53.667288,65.20841,42.126167,37.425152,48.966274,25.884031
2021-05-21,true,Adults,51.963633,64.123224,39.804042,33.722455,45.882046,21.562864
2021-05-21,true,All polls,52.937171,64.439465,41.434877,36.547708,48.050002,25.045414
2021-05-21,true,Voters,53.653468,65.230364,42.076573,37.441854,49.018749,25.864958
2021-05-22,true,Adults,51.95245,64.149052,39.755848,33.744952,45.941554,21.54835
2021-05-22,true,All polls,52.924469,64.462231,41.386708,36.565798,48.10356,25.028037
2021-05-22,true,Voters,53.63965,65.252188,42.027111,37.45855,49.071088,25.846011
2021-05-23,true,Adults,51.941261,64.174734,39.707788,33.767427,46.0009,21.533954
2021-05-23,true,All polls,52.911767,64.484868,41.338665,36.583879,48.156981,25.010777
2021-05-23,true,Voters,53.625833,65.273885,41.97778,37.47524,49.123292,25.827188
2021-05-24,true,Adults,51.930067,64.200273,39.659862,33.789879,46.060085,21.519673
2021-05-24,true,All polls,52.899063,64.507379,41.290746,36.60195,48.210266,24.993633
2021-05-24,true,Voters,53.612018,65.295457,41.928578,37.491924,49.175363,25.808484
2021-05-25,true,Adults,51.918868,64.225672,39.612065,33.812309,46.119112,21.505506
2021-05-25,true,All polls,52.886358,64.529766,41.24295,36.62001,48.263418,24.976601
2021-05-25,true,Voters,53.598205,65.316907,41.879503,37.508601,49.227302,25.789899
2021-05-26,true,Adults,51.907665,64.250932,39.564398,33.834716,46.177983,21.49145
2021-05-26,true,All polls,52.873653,64.552031,41.195274,36.638059,48.316437,24.95968
2021-05-26,true,Voters,53.584395,65.338237,41.830553,37.525271,49.279112,25.771429
2021-05-27,true,Adults,51.896457,64.276056,39.516857,33.8571,46.236699,21.477501
2021-05-27,true,All polls,52.860947,64.574177,41.147718,36.656097,48.369326,24.942867
2021-05-27,true,Voters,53.570588,65.359448,41.781727,37.541933,49.330794,25.753073
2021-05-28,true,Adults,51.885244,64.301047,39.469442,33.87946,46.295263,21.463658
2021-05-28,true,All polls,52.848241,64.596205,41.100278,36.674123,48.422087,24.92616
2021-05-28,true,Voters,53.556783,65.380544,41.733022,37.558588,49.382349,25.734827
2021-05-29,true,Adults,51.874028,64.325907,39.422149,33.901796,46.353675,21.449917
2021-05-29,true,All polls,52.835536,64.618118,41.052954,36.692138,48.474719,24.909556
2021-05-29,true,Voters,53.542982,65.401527,41.684437,37.575235,49.43378,25.71669
2021-05-30,true,Adults,51.862808,64.350638,39.374978,33.924108,46.411938,21.436278
2021-05-30,true,All polls,52.822831,64.639918,41.005745,36.71014,48.527226,24.893053
2021-05-30,true,Voters,53.529185,65.422399,41.635971,37.591873,49.485087,25.698659
2021-05-31,true,Adults,51.851585,64.375243,39.327927,33.946395,46.470053,21.422736
2021-05-31,true,All polls,52.810127,64.661606,40.958648,36.728129,48.579609,24.87665
2021-05-31,true,Voters,53.515391,65.443161,41.587621,37.608502,49.536272,25.680733
2021-06-01,true,Adults,51.840359,64.399724,39.280993,33.968656,46.528022,21.409291
2021-06-01,true,All polls,52.797424,64.683186,40.911662,36.746105,48.631868,24.860343
2021-06-01,true,Voters,53.501602,65.463816,41.539387,37.625123,49.587337,25.662908
2021-06-02,true,Adults,51.829129,64.424083,39.234176,33.990893,46.585846,21.395939
2021-06-02,true,All polls,52.784722,64.704659,40.864785,36.764068,48.684005,24.844131
2021-06-02,true,Voters,53.487816,65.484366,41.491267,37.641733,49.638283,25.645184
2021-06-03,true,Adults,51.817897,64.448322,39.187473,34.013103,46.643527,21.382678
2021-06-03,true,All polls,52.772022,64.726027,40.818017,36.782017,48.736023,24.828012
2021-06-03,true,Voters,53.474036,65.504813,41.443259,37.658334,49.68911,25.627557
2021-06-04,true,Adults,51.806663,64.472443,39.140884,34.035287,46.701066,21.369507
2021-06-04,true,All polls,52.759324,64.747292,40.771355,36.799952,48.787921,24.811984
2021-06-04,true,Voters,53.46026,65.525158,41.395362,37.674924,49.739822,25.610026
2021-06-05,true,Adults,51.795427,64.496448,39.094406,34.057444,46.758465,21.356423
2021-06-05,true,All polls,52.746627,64.768456,40.724799,36.817873,48.839701,24.796045
2021-06-05,true,Voters,53.44649,65.545404,41.347575,37.691503,49.790418,25.592589
2021-06-06,true,Adults,51.784189,64.520339,39.048039,34.079575,46.815725,21.343425
2021-06-06,true,All polls,52.733933,64.78952,40.678347,36.835778,48.891365,24.780192
2021-06-06,true,Voters,53.432725,65.565553,41.299896,37.708072,49.8409,25.575243
2021-06-07,true,Adults,51.772949,64.544118,39.00178,34.101678,46.872847,21.330509
2021-06-07,true,All polls,52.721242,64.810486,40.631998,36.853669,48.942913,24.764424
2021-06-07,true,Voters,53.418965,65.585606,41.252325,37.724629,49.891269,25.557988
2021-06-08,true,Adults,51.761708,64.567787,38.955629,34.123753,46.929832,21.317674
2021-06-08,true,All polls,52.708554,64.831357,40.58575,36.871543,48.994347,24.74874
2021-06-08,true,Voters,53.405212,65.605565,41.204859,37.741174,49.941527,25.540821
2021-06-09,true,Adults,51.750466,64.591348,38.909584,34.145801,46.986682,21.304919
2021-06-09,true,All polls,52.695868,64.852134,40.539603,36.889402,49.045667,24.733137
2021-06-09,true,Voters,53.391464,65.625431,41.157497,37.757707,49.991674,25.52374
2021-06-10,true,Adults,51.739224,64.614803,38.863644,34.167819,47.043399,21.29224
2021-06-10,true,All polls,52.683187,64.872818,40.493555,36.907245,49.096876,24.717613
2021-06-10,true,Voters,53.377724,65.645208,41.11024,37.774228,50.041712,25.506744
2021-06-11,true,Adults,51.72798,64.638153,38.817807,34.18981,47.099983,21.279637
2021-06-11,true,All polls,52.670508,64.893411,40.447606,36.92507,49.147973,24.702168
2021-06-11,true,Voters,53.36399,65.664895,41.063084,37.790735,50.091641,25.48983
2021-06-12,true,Adults,51.716737,64.661401,38.772073,34.211771,47.156435,21.267107
2021-06-12,true,All polls,52.657834,64.913915,40.401753,36.942879,49.19896,24.686798
2021-06-12,true,Voters,53.350262,65.684495,41.016029,37.80723,50.141463,25.472997
2021-06-13,true,Adults,51.705493,64.684547,38.72644,34.233703,47.212756,21.254649
2021-06-13,true,All polls,52.645164,64.934332,40.355996,36.96067,49.249838,24.671503
2021-06-13,true,Voters,53.336543,65.70401,40.969075,37.823711,50.191179,25.456244
2021-06-14,true,Adults,51.69425,64.707594,38.680906,34.255604,47.268949,21.24226
2021-06-14,true,All polls,52.632498,64.954662,40.310334,36.978444,49.300608,24.65628
2021-06-14,true,Voters,53.32283,65.723441,40.922219,37.840178,50.240789,25.439568
2021-06-15,true,Adults,51.683007,64.730544,38.635471,34.277476,47.325012,21.22994
2021-06-15,true,All polls,52.619837,64.974908,40.264765,36.9962,49.351271,24.641128
2021-06-15,true,Voters,53.309125,65.742789,40.875462,37.856631,50.290295,25.422967
2021-06-16,true,Adults,51.671765,64.753397,38.590134,34.299317,47.380949,21.217686
2021-06-16,true,All polls,52.607181,64.995071,40.21929,37.013937,49.401828,24.626046
2021-06-16,true,Voters,53.295429,65.762057,40.828801,37.87307,50.339697,25.406442
2021-06-17,true,Adults,51.660524,64.776156,38.544893,34.321128,47.436759,21.205496
2021-06-17,true,All polls,52.59453,65.015153,40.173906,37.031655,49.452279,24.611032
2021-06-17,true,Voters,53.28174,65.781245,40.782236,37.889493,50.388997,25.389988
2021-06-18,true,Adults,51.649285,64.798822,38.499747,34.342907,47.492444,21.193369
2021-06-18,true,All polls,52.581884,65.035155,40.128613,37.049355,49.502625,24.596084
2021-06-18,true,Voters,53.26806,65.800355,40.735766,37.905901,50.438195,25.373607
2021-06-19,true,Adults,51.638046,64.821397,38.454696,34.364654,47.548005,21.181304
2021-06-19,true,All polls,52.569244,65.055078,40.083411,37.067034,49.552868,24.581201
2021-06-19,true,Voters,53.254389,65.819389,40.68939,37.922293,50.487293,25.357294
2021-06-20,true,Adults,51.62681,64.843882,38.409738,34.38637,47.603442,21.169298
2021-06-20,true,All polls,52.55661,65.074924,40.038297,37.084695,49.603008,24.566381
2021-06-20,true,Voters,53.240727,65.838347,40.643107,37.93867,50.53629,25.34105
2021-06-21,true,Adults,51.615576,64.866279,38.364872,34.408054,47.658757,21.15735
2021-06-21,true,All polls,52.543983,65.094694,39.993271,37.102334,49.653046,24.551623
2021-06-21,true,Voters,53.227074,65.857232,40.596916,37.95503,50.585188,25.324872
2021-06-22,true,Adults,51.604344,64.888589,38.320098,34.429705,47.71395,21.145459
2021-06-22,true,All polls,52.531361,65.11439,39.948333,37.119954,49.702983,24.536925
2021-06-22,true,Voters,53.213431,65.876045,40.550817,37.971374,50.633988,25.308759
2021-06-23,true,Adults,51.593114,64.910814,38.275414,34.451323,47.769022,21.133623
2021-06-23,true,All polls,52.518747,65.134013,39.903481,37.137552,49.752819,24.522286
2021-06-23,true,Voters,53.199797,65.894787,40.504808,37.9877,50.68269,25.292711
2021-06-24,true,Adults,51.581887,64.932955,38.23082,34.472907,47.823975,21.12184
2021-06-24,true,All polls,52.506139,65.153564,39.858714,37.15513,49.802555,24.507705
2021-06-24,true,Voters,53.186174,65.913459,40.458888,38.004009,50.731295,25.276724
2021-06-25,true,Adults,51.570664,64.955013,38.186314,34.494458,47.878808,21.110109
2021-06-25,true,All polls,52.493539,65.173045,39.814033,37.172686,49.852192,24.49318
2021-06-25,true,Voters,53.17256,65.932063,40.413057,38.020301,50.779804,25.260798
2021-06-26,true,Adults,51.559443,64.97699,38.141896,34.515976,47.933523,21.098429
2021-06-26,true,All polls,52.480946,65.192456,39.769436,37.19022,49.90173,24.47871
2021-06-26,true,Voters,53.158957,65.9506,40.367315,38.036574,50.828217,25.244932
2021-06-27,true,Adults,51.548226,64.998887,38.097565,34.537459,47.98812,21.086797
2021-06-27,true,All polls,52.46836,65.211799,39.724921,37.207732,49.951171,24.464293
2021-06-27,true,Voters,53.145365,65.969071,40.321659,38.052829,50.876535,25.229124
2021-06-28,true,Adults,51.537013,65.020706,38.05332,34.558907,48.0426,21.075214
2021-06-28,true,All polls,52.455783,65.231076,39.68049,37.225221,50.000514,24.449928
2021-06-28,true,Voters,53.131784,65.987478,40.276091,38.069066,50.924759,25.213372
2021-06-29,true,Adults,51.525804,65.042448,38.00916,34.58032,48.096964,21.063676
2021-06-29,true,All polls,52.443214,65.250287,39.63614,37.242688,50.049761,24.435614
2021-06-29,true,Voters,53.118214,66.005821,40.230607,38.085283,50.97289,25.197676
2021-06-30,true,Adults,51.514599,65.064114,37.965084,34.601698,48.151213,21.052184
2021-06-30,true,All polls,52.430653,65.269434,39.591872,37.260131,50.098912,24.42135
2021-06-30,true,Voters,53.104656,66.024102,40.185209,38.101481,51.020928,25.182035
2021-07-01,true,Adults,51.503399,65.085705,37.921092,34.623041,48.205347,21.040735
2021-07-01,true,All polls,52.418101,65.288518,39.547684,37.277551,50.147968,24.407133
2021-07-01,true,Voters,53.091109,66.042323,40.139896,38.11766,51.068873,25.166446
2021-07-02,true,Adults,51.492203,65.107223,37.877183,34.644348,48.259367,21.029328
2021-07-02,true,All polls,52.405558,65.30754,39.503576,37.294947,50.196929,24.392964
2021-07-02,true,Voters,53.077575,66.060484,40.094666,38.133818,51.116727,25.150909
2021-07-03,true,Adults,51.481012,65.128668,37.833356,34.665618,48.313274,21.017962
2021-07-03,true,All polls,52.393024,65.326501,39.459546,37.312319,50.245796,24.378841
2021-07-03,true,Voters,53.064052,66.078586,40.049519,38.149956,51.164489,25.135422
2021-07-04,true,Adults,51.469827,65.150043,37.789611,34.686852,48.367068,21.006635
2021-07-04,true,All polls,52.380499,65.345403,39.415596,37.329666,50.294569,24.364762
2021-07-04,true,Voters,53.050542,66.09663,40.004454,38.166073,51.212161,25.119985
2021-07-05,true,Adults,51.458647,65.171348,37.745946,34.708049,48.42075,20.995347
2021-07-05,true,All polls,52.367984,65.364245,39.371723,37.346988,50.343249,24.350727
2021-07-05,true,Voters,53.037045,66.114619,39.959471,38.182169,51.259743,25.104596
2021-07-06,true,Adults,51.447473,65.192585,37.702361,34.729208,48.47432,20.984096
2021-07-06,true,All polls,52.355479,65.38303,39.327928,37.364286,50.391837,24.336734
2021-07-06,true,Voters,53.023561,66.132552,39.914569,38.198244,51.307236,25.089253
2021-07-07,true,Adults,51.436304,65.213754,37.658855,34.75033,48.527779,20.972881
2021-07-07,true,All polls,52.342984,65.401759,39.284209,37.381557,50.440333,24.322782
2021-07-07,true,Voters,53.010089,66.150431,39.869748,38.214298,51.354639,25.073956
2021-07-08,true,Adults,51.425142,65.234856,37.615428,34.771414,48.581128,20.9617
2021-07-08,true,All polls,52.330499,65.420433,39.240566,37.398803,50.488736,24.30887
2021-07-08,true,Voters,52.996632,66.168256,39.825007,38.230329,51.401954,25.058704
2021-07-09,true,Adults,51.413987,65.255894,37.57208,34.79246,48.634367,20.950553
2021-07-09,true,All polls,52.318025,65.439051,39.196999,37.416023,50.537049,24.294997
2021-07-09,true,Voters,52.983188,66.18603,39.780345,38.246338,51.449181,25.043495
2021-07-10,true,Adults,51.402838,65.276867,37.528808,34.813468,48.687497,20.939438
2021-07-10,true,All polls,52.305562,65.457617,39.153507,37.433217,50.585272,24.281162
2021-07-10,true,Voters,52.969757,66.203753,39.735762,38.262324,51.49632,25.028329
2021-07-11,true,Adults,51.391696,65.297778,37.485614,34.834436,48.740518,20.928354
2021-07-11,true,All polls,52.29311,65.47613,39.11009,37.450383,50.633404,24.267363
2021-07-11,true,Voters,52.956341,66.221426,39.691257,38.278288,51.543372,25.013204
2021-07-12,true,Adults,51.380561,65.318626,37.442495,34.855365,48.793431,20.9173
2021-07-12,true,All polls,52.280669,65.494592,39.066746,37.467523,50.681446,24.2536
2021-07-12,true,Voters,52.94294,66.23905,39.64683,38.294228,51.590338,24.998118
2021-07-13,true,Adults,51.369433,65.339414,37.399453,34.876255,48.846236,20.906275
2021-07-13,true,All polls,52.26824,65.513004,39.023476,37.484635,50.729399,24.239871
2021-07-13,true,Voters,52.929553,66.256625,39.60248,38.310145,51.637217,24.983072
2021-07-14,true,Adults,51.358313,65.360142,37.356485,34.897105,48.898934,20.895277
2021-07-14,true,All polls,52.255823,65.531366,38.980279,37.50172,50.777263,24.226176
2021-07-14,true,Voters,52.916181,66.274154,39.558207,38.326037,51.684011,24.968064
2021-07-15,true,Adults,51.347201,65.380811,37.313592,34.917915,48.951525,20.884305
2021-07-15,true,All polls,52.243417,65.54968,38.937154,37.518776,50.825039,24.212513
2021-07-15,true,Voters,52.902824,66.291637,39.514011,38.341906,51.730719,24.953093
2021-07-16,true,Adults,51.336097,65.401422,37.270772,34.938685,49.00401,20.87336
2021-07-16,true,All polls,52.231024,65.567946,38.894102,37.535804,50.872726,24.198882
2021-07-16,true,Voters,52.889482,66.309074,39.46989,38.35775,51.777342,24.938158
2021-07-17,true,Adults,51.325002,65.421977,37.228027,34.959413,49.056388,20.862438
2021-07-17,true,All polls,52.218643,65.586166,38.851121,37.552803,50.920326,24.185281
2021-07-17,true,Voters,52.876156,66.326467,39.425844,38.373569,51.823881,24.923257
2021-07-18,true,Adults,51.313915,65.442476,37.185354,34.980101,49.108662,20.85154
2021-07-18,true,All polls,52.206275,65.60434,38.808211,37.569774,50.967839,24.171709
2021-07-18,true,Voters,52.862845,66.343817,39.381873,38.389363,51.870335,24.908391
2021-07-19,true,Adults,51.302836,65.46292,37.142753,35.000747,49.16083,20.840664
2021-07-19,true,All polls,52.19392,65.622469,38.765371,37.586715,51.015264,24.158166
2021-07-19,true,Voters,52.849551,66.361125,39.337977,38.405131,51.916706,24.893557
2021-07-20,true,Adults,51.291767,65.48331,37.100225,35.021352,49.212894,20.829809
2021-07-20,true,All polls,52.181579,65.640555,38.722602,37.603626,51.062603,24.14465
2021-07-20,true,Voters,52.836273,66.378391,39.294154,38.420874,51.962993,24.878755
2021-07-21,true,Adults,51.280707,65.503647,37.057768,35.041914,49.264854,20.818975
2021-07-21,true,All polls,52.16925,65.658597,38.679903,37.620508,51.109855,24.131161
2021-07-21,true,Voters,52.823011,66.395617,39.250405,38.436591,52.009196,24.863985
2021-07-22,true,Adults,51.269657,65.523932,37.015381,35.062434,49.31671,20.808159
2021-07-22,true,All polls,52.156935,65.676598,38.637273,37.637359,51.157022,24.117697
2021-07-22,true,Voters,52.809766,66.412803,39.206729,38.452281,52.055318,24.849244
2021-07-23,true,Adults,51.258616,65.544166,36.973066,35.082912,49.368462,20.797362
2021-07-23,true,All polls,52.144634,65.694557,38.594712,37.65418,51.204102,24.104258
2021-07-23,true,Voters,52.796538,66.42995,39.163126,38.467944,52.101356,24.834532
2021-07-24,true,Adults,51.247585,65.564349,36.93082,35.103347,49.420111,20.786582
2021-07-24,true,All polls,52.132348,65.712475,38.55222,37.67097,51.251098,24.090842
2021-07-24,true,Voters,52.783327,66.447059,39.119595,38.483581,52.147313,24.819849
2021-07-25,true,Adults,51.236564,65.584484,36.888644,35.123738,49.471658,20.775818
2021-07-25,true,All polls,52.120075,65.730354,38.509796,37.687729,51.298008,24.07745
2021-07-25,true,Voters,52.770134,66.464131,39.076136,38.49919,52.193187,24.805193
2021-07-26,true,Adults,51.225554,65.60457,36.846538,35.144086,49.523102,20.76507
2021-07-26,true,All polls,52.107817,65.748195,38.46744,37.704456,51.344834,24.064079
2021-07-26,true,Voters,52.756958,66.481166,39.032749,38.514771,52.23898,24.790563
2021-07-27,true,Adults,51.214554,65.624609,36.8045,35.16439,49.574445,20.754336
2021-07-27,true,All polls,52.095574,65.765997,38.425151,37.721152,51.391575,24.050729
2021-07-27,true,Voters,52.7438,66.498167,38.989433,38.530325,52.284692,24.775958
2021-07-28,true,Adults,51.203565,65.6446,36.76253,35.18465,49.625685,20.743615
2021-07-28,true,All polls,52.083346,65.783762,38.38293,37.737815,51.438231,24.037399
2021-07-28,true,Voters,52.73066,66.515132,38.946188,38.54585,52.330322,24.761378
2021-07-29,true,Adults,51.192587,65.664546,36.720628,35.204866,49.676825,20.732907
2021-07-29,true,All polls,52.071133,65.801491,38.340775,37.754447,51.484804,24.024089
2021-07-29,true,Voters,52.717538,66.532063,38.903013,38.561347,52.375872,24.746822
2021-07-30,true,Adults,51.181621,65.684447,36.678794,35.225036,49.727863,20.72221
2021-07-30,true,All polls,52.058936,65.819184,38.298687,37.771045,51.531294,24.010797
2021-07-30,true,Voters,52.704435,66.548962,38.859909,38.576815,52.421342,24.732289
2021-07-31,true,Adults,51.170666,65.704304,36.637028,35.245162,49.7788,20.711524
2021-07-31,true,All polls,52.046754,65.836842,38.256665,37.787611,51.577699,23.997522
2021-07-31,true,Voters,52.691351,66.565828,38.816874,38.592254,52.466731,24.717777
2021-08-01,true,Adults,51.159723,65.724118,36.595328,35.265243,49.829638,20.700847
2021-08-01,true,All polls,52.034588,65.854467,38.21471,37.804143,51.624022,23.984265
2021-08-01,true,Voters,52.678285,66.582662,38.773909,38.607664,52.51204,24.703287
2021-08-02,true,Adults,51.148791,65.743889,36.553694,35.285277,49.880375,20.69018
2021-08-02,true,All polls,52.022438,65.872058,38.172819,37.820642,51.670261,23.971023
2021-08-02,true,Voters,52.665239,66.599466,38.731013,38.623043,52.55727,24.688817
2021-08-03,true,Adults,51.137872,65.763618,36.512127,35.305266,49.931012,20.679521
2021-08-03,true,All polls,52.010305,65.889616,38.130994,37.837107,51.716418,23.957796
2021-08-03,true,Voters,52.652213,66.616239,38.688186,38.638393,52.60242,24.674366
2021-08-04,true,Adults,51.126966,65.783306,36.470625,35.325209,49.981549,20.668868
2021-08-04,true,All polls,51.998188,65.907143,38.089234,37.853538,51.762492,23.944583
2021-08-04,true,Voters,52.639205,66.632984,38.645427,38.653713,52.647491,24.659934
2021-08-05,true,Adults,51.116072,65.802954,36.429189,35.345105,50.031987,20.658222
2021-08-05,true,All polls,51.986088,65.924638,38.047538,37.869934,51.808484,23.931384
2021-08-05,true,Voters,52.626218,66.649699,38.602737,38.669001,52.692482,24.64552
2021-08-06,true,Adults,51.10519,65.822563,36.387818,35.364954,50.082327,20.647582
2021-08-06,true,All polls,51.974005,65.942103,38.005907,37.886296,51.854394,23.918198
2021-08-06,true,Voters,52.613251,66.666387,38.560115,38.684259,52.737395,24.631123
2021-08-07,true,Adults,51.094322,65.842133,36.346512,35.384756,50.132567,20.636946
2021-08-07,true,All polls,51.96194,65.959539,37.96434,37.902623,51.900222,23.905023
2021-08-07,true,Voters,52.600304,66.683048,38.517561,38.699486,52.78223,24.616743
2021-08-08,true,Adults,51.083467,65.861665,36.30527,35.404511,50.182709,20.626314
2021-08-08,true,All polls,51.949891,65.976945,37.922837,37.918914,51.945968,23.89186
2021-08-08,true,Voters,52.587378,66.699682,38.475074,38.714682,52.826986,24.602377
2021-08-09,true,Adults,51.072626,65.88116,36.264093,35.424218,50.232752,20.615685
2021-08-09,true,All polls,51.937861,65.994324,37.881398,37.93517,51.991633,23.878707
2021-08-09,true,Voters,52.574472,66.71629,38.432654,38.729845,52.871663,24.588027
2021-08-10,true,Adults,51.061798,65.900618,36.222979,35.443878,50.282697,20.605058
2021-08-10,true,All polls,51.925848,66.011674,37.840021,37.95139,52.037216,23.865564
2021-08-10,true,Voters,52.561587,66.732873,38.390301,38.744977,52.916263,24.57369
2021-08-11,true,Adults,51.050985,65.920041,36.181929,35.463489,50.332545,20.594433
2021-08-11,true,All polls,51.913853,66.028998,37.798708,37.967574,52.082719,23.852429
2021-08-11,true,Voters,52.548724,66.749432,38.348015,38.760076,52.960784,24.559367
2021-08-12,true,Adults,51.040185,65.939428,36.140942,35.483051,50.382294,20.583808
2021-08-12,true,All polls,51.901877,66.046296,37.757458,37.983721,52.12814,23.839303
2021-08-12,true,Voters,52.535882,66.765968,38.305795,38.775142,53.005229,24.545056
2021-08-13,true,Adults,51.0294,65.958782,36.100018,35.502565,50.431946,20.573183
2021-08-13,true,All polls,51.889919,66.063567,37.716271,37.999832,52.17348,23.826183
2021-08-13,true,Voters,52.523061,66.78248,38.263642,38.790176,53.049595,24.530757
2021-08-14,true,Adults,51.018629,65.978102,36.059157,35.522029,50.481501,20.562557
2021-08-14,true,All polls,51.87798,66.080814,37.675146,38.015906,52.21874,23.813071
2021-08-14,true,Voters,52.510262,66.79897,38.221555,38.805176,53.093884,24.516469
2021-08-15,true,Adults,51.007874,65.997389,36.018359,35.541444,50.530959,20.551929
2021-08-15,true,All polls,51.86606,66.098037,37.634083,38.031942,52.263919,23.799965
2021-08-15,true,Voters,52.497486,66.815438,38.179533,38.820144,53.138096,24.502191
2021-08-16,true,Adults,50.997133,66.016643,35.977622,35.56081,50.58032,20.541299
2021-08-16,true,All polls,51.854159,66.115236,37.593082,38.047941,52.309018,23.786863
2021-08-16,true,Voters,52.484731,66.831885,38.137577,38.835077,53.182231,24.487923
2021-08-17,true,Adults,50.986407,66.035866,35.936948,35.580125,50.629585,20.530666
2021-08-17,true,All polls,51.842277,66.132412,37.552143,38.063902,52.354036,23.773767
2021-08-17,true,Voters,52.471999,66.848312,38.095686,38.849976,53.226289,24.473663
2021-08-18,true,Adults,50.975697,66.055059,35.896335,35.599391,50.678752,20.520029
2021-08-18,true,All polls,51.830416,66.149566,37.511265,38.079824,52.398975,23.760674
2021-08-18,true,Voters,52.45929,66.864719,38.053861,38.864841,53.27027,24.459412
2021-08-19,true,Adults,50.965002,66.074221,35.855784,35.618606,50.727824,20.509387
2021-08-19,true,All polls,51.818573,66.166698,37.470449,38.095709,52.443833,23.747584
2021-08-19,true,Voters,52.446603,66.881106,38.0121,38.879671,53.314175,24.445168
2021-08-20,true,Adults,50.954324,66.093353,35.815294,35.63777,50.776799,20.49874
2021-08-20,true,All polls,51.806751,66.183809,37.429694,38.111555,52.488612,23.734497
2021-08-20,true,Voters,52.43394,66.897475,37.970404,38.894467,53.358003,24.430931
2021-08-21,true,Adults,50.943661,66.112457,35.774866,35.656883,50.825678,20.488087
2021-08-21,true,All polls,51.794949,66.200899,37.389,38.127361,52.533311,23.721412
2021-08-21,true,Voters,52.421299,66.913827,37.928772,38.909227,53.401754,24.4167
2021-08-22,true,Adults,50.933015,66.131532,35.734498,35.675945,50.874462,20.477427
2021-08-22,true,All polls,51.783168,66.217969,37.348367,38.143129,52.57793,23.708328
2021-08-22,true,Voters,52.408683,66.93016,37.887205,38.923952,53.44543,24.402475
2021-08-23,true,Adults,50.922385,66.15058,35.69419,35.694955,50.92315,20.46676
2021-08-23,true,All polls,51.771407,66.23502,37.307794,38.158857,52.62247,23.695244
2021-08-23,true,Voters,52.39609,66.946477,37.845702,38.938642,53.489029,24.388254
2021-08-24,true,Adults,50.911772,66.1696,35.653943,35.713913,50.971742,20.456084
2021-08-24,true,All polls,51.759667,66.252052,37.267282,38.174545,52.666931,23.68216
2021-08-24,true,Voters,52.383521,66.962778,37.804263,38.953295,53.532553,24.374038
2021-08-25,true,Adults,50.901176,66.188595,35.613756,35.732819,51.020238,20.4454
2021-08-25,true,All polls,51.747948,66.269066,37.22683,38.190194,52.711312,23.669075
2021-08-25,true,Voters,52.370976,66.979064,37.762888,38.967912,53.576,24.359825
2021-08-26,true,Adults,50.890596,66.207563,35.57363,35.751673,51.06864,20.434706
2021-08-26,true,All polls,51.736251,66.286063,37.186438,38.205802,52.755614,23.655989
2021-08-26,true,Voters,52.358455,66.995334,37.721577,38.982493,53.619372,24.345614
2021-08-27,true,Adults,50.880034,66.226507,35.533562,35.770474,51.116946,20.424002
2021-08-27,true,All polls,51.724574,66.303042,37.146107,38.221369,52.799837,23.642901
2021-08-27,true,Voters,52.345959,67.01159,37.680329,38.997037,53.662667,24.331406
2021-08-28,true,Adults,50.86949,66.245425,35.493555,35.789222,51.165158,20.413287
2021-08-28,true,All polls,51.71292,66.320005,37.105835,38.236895,52.843981,23.62981
2021-08-28,true,Voters,52.333488,67.027832,37.639144,39.011544,53.705888,24.3172
2021-08-29,true,Adults,50.858963,66.26432,35.453607,35.807917,51.213274,20.402561
2021-08-29,true,All polls,51.701287,66.336952,37.065622,38.252381,52.888046,23.616716
2021-08-29,true,Voters,52.321042,67.044061,37.598023,39.026014,53.749033,24.302995
2021-08-30,true,Adults,50.848455,66.283191,35.413718,35.826559,51.261296,20.391822
2021-08-30,true,All polls,51.689677,66.353884,37.025469,38.267825,52.932032,23.603618
2021-08-30,true,Voters,52.30862,67.060277,37.556964,39.040446,53.792102,24.288789
2021-08-31,true,Adults,50.837964,66.30204,35.373888,35.845147,51.309223,20.381071
2021-08-31,true,All polls,51.678088,66.370801,36.985376,38.283227,52.97594,23.590515
2021-08-31,true,Voters,52.296224,67.07648,37.515968,39.05484,53.835096,24.274584
2021-09-01,true,Adults,50.827492,66.320866,35.334117,35.863681,51.357055,20.370306
2021-09-01,true,All polls,51.666523,66.387703,36.945342,38.298588,53.019769,23.577407
2021-09-01,true,Voters,52.283854,67.092673,37.475036,39.069196,53.878015,24.260378
2021-09-02,true,Adults,50.817038,66.339671,35.294405,35.88216,51.404793,20.359527
2021-09-02,true,All polls,51.654979,66.404592,36.905367,38.313906,53.063519,23.564294
2021-09-02,true,Voters,52.27151,67.108854,37.434165,39.083514,53.920858,24.24617
2021-09-03,true,Adults,50.806603,66.358455,35.254751,35.900585,51.452437,20.348734
2021-09-03,true,All polls,51.643459,66.421468,36.865451,38.329182,53.107191,23.551174
2021-09-03,true,Voters,52.259191,67.125024,37.393357,39.097793,53.963627,24.23196
2021-09-04,true,Adults,50.796187,66.377218,35.215156,35.918956,51.499987,20.337925
2021-09-04,true,All polls,51.631962,66.438331,36.825593,38.344415,53.150784,23.538047
2021-09-04,true,Voters,52.246898,67.141185,37.352612,39.112034,54.00632,24.217747
2021-09-05,true,Adults,50.78579,66.395961,35.175619,35.937271,51.547442,20.3271
2021-09-05,true,All polls,51.620488,66.455182,36.785795,38.359606,53.194299,23.524912
2021-09-05,true,Voters,52.234632,67.157336,37.311929,39.126235,54.048939,24.203531
2021-09-06,true,Adults,50.775412,66.414684,35.13614,35.955531,51.594803,20.316259
2021-09-06,true,All polls,51.609038,66.472021,36.746055,38.374753,53.237736,23.51177
2021-09-06,true,Voters,52.222393,67.173478,37.271307,39.140397,54.091482,24.189312
2021-09-07,true,Adults,50.765054,66.433389,35.096718,35.973735,51.642071,20.3054
2021-09-07,true,All polls,51.597611,66.488849,36.706373,38.389857,53.281094,23.498619
2021-09-07,true,Voters,52.21018,67.189612,37.230748,39.154519,54.133951,24.175088
2021-09-08,true,Adults,50.754715,66.452075,35.057355,35.991884,51.689244,20.294524
2021-09-08,true,All polls,51.586208,66.505666,36.66675,38.404917,53.324375,23.485459
2021-09-08,true,Voters,52.197994,67.205737,37.190251,39.168602,54.176345,24.160858
2021-09-09,true,Adults,50.744397,66.470744,35.018049,36.009977,51.736324,20.28363
2021-09-09,true,All polls,51.57483,66.522474,36.627186,38.419933,53.367577,23.472289
2021-09-09,true,Voters,52.185835,67.221855,37.149815,39.182644,54.218664,24.146624
2021-09-10,true,Adults,50.734098,66.489395,34.978801,36.028013,51.78331,20.272716
2021-09-10,true,All polls,51.563475,66.539271,36.587679,38.434904,53.410701,23.459108
2021-09-10,true,Voters,52.173704,67.237967,37.109441,39.196646,54.260909,24.132383
2021-09-11,true,Adults,50.72382,66.50803,34.93961,36.045993,51.830203,20.261783
2021-09-11,true,All polls,51.552145,66.55606,36.54823,38.449832,53.453747,23.445917
2021-09-11,true,Voters,52.1616,67.254071,37.069128,39.210607,54.303079,24.118136
2021-09-12,true,Adults,50.713562,66.526648,34.900477,36.063916,51.877002,20.25083
2021-09-12,true,All polls,51.54084,66.57284,36.50884,38.464715,53.496715,23.432714
2021-09-12,true,Voters,52.149524,67.27017,37.028877,39.224528,54.345174,24.103881
2021-09-13,true,Adults,50.703325,66.54525,34.8614,36.081782,51.923707,20.239857
2021-09-13,true,All polls,51.529559,66.589612,36.469507,38.479552,53.539605,23.4195
2021-09-13,true,Voters,52.137475,67.286263,36.988687,39.238407,54.387195,24.089619
2021-09-14,true,Adults,50.693109,66.563838,34.822381,36.099591,51.970319,20.228862
2021-09-14,true,All polls,51.518304,66.606376,36.430232,38.494345,53.582417,23.406273
2021-09-14,true,Voters,52.125455,67.302352,36.948558,39.252245,54.429142,24.075348
2021-09-15,true,Adults,50.682914,66.58241,34.783418,36.117342,52.016838,20.217846
2021-09-15,true,All polls,51.507074,66.623133,36.391014,38.509092,53.625151,23.393033
2021-09-15,true,Voters,52.113463,67.318436,36.908491,39.266041,54.471014,24.061069
2021-09-16,true,Adults,50.67274,66.600968,34.744512,36.135035,52.063263,20.206807
2021-09-16,true,All polls,51.495869,66.639883,36.351855,38.523793,53.667807,23.379779
2021-09-16,true,Voters,52.1015,67.334515,36.868484,39.279796,54.512811,24.04678
2021-09-17,true,Adults,50.662588,66.619513,34.705663,36.152671,52.109596,20.195745
2021-09-17,true,All polls,51.48469,66.656627,36.312752,38.538448,53.710386,23.366511
2021-09-17,true,Voters,52.089565,67.350591,36.828539,39.293508,54.554534,24.032482
2021-09-18,true,Adults,50.652457,66.638044,34.66687,36.170248,52.155835,20.184661
2021-09-18,true,All polls,51.473536,66.673365,36.273708,38.553058,53.752886,23.353229
2021-09-18,true,Voters,52.077659,67.366664,36.788654,39.307178,54.596183,24.018173
2021-09-19,true,Adults,50.642348,66.656563,34.628134,36.187766,52.201981,20.173552
2021-09-19,true,All polls,51.462409,66.690097,36.23472,38.567621,53.795309,23.339932
2021-09-19,true,Voters,52.065783,67.382735,36.74883,39.320805,54.637758,24.003853
2021-09-20,true,Adults,50.632261,66.675069,34.589454,36.205226,52.248033,20.162418
2021-09-20,true,All polls,51.451308,66.706825,36.19579,38.582137,53.837654,23.326619
2021-09-20,true,Voters,52.053935,67.398803,36.709067,39.33439,54.679258,23.989522
2021-09-21,true,Adults,50.622197,66.693563,34.55083,36.222627,52.293993,20.15126
2021-09-21,true,All polls,51.440233,66.723549,36.156917,38.596606,53.879922,23.31329
2021-09-21,true,Voters,52.042117,67.414869,36.669365,39.347931,54.720684,23.975179
2021-09-22,true,Adults,50.612155,66.712046,34.512263,36.239968,52.33986,20.140076
2021-09-22,true,All polls,51.429185,66.740268,36.118101,38.611028,53.922111,23.299945
2021-09-22,true,Voters,52.030329,67.430934,36.629723,39.361429,54.762035,23.960823
2021-09-23,true,Adults,50.602135,66.730519,34.473751,36.25725,52.385634,20.128867
2021-09-23,true,All polls,51.418163,66.756984,36.079342,38.625403,53.964223,23.286582
2021-09-23,true,Voters,52.01857,67.446999,36.590141,39.374884,54.803313,23.946455
2021-09-24,true,Adults,50.592138,66.74898,34.435296,36.274473,52.431315,20.11763
2021-09-24,true,All polls,51.407168,66.773696,36.040641,38.63973,54.006258,23.273202
2021-09-24,true,Voters,52.006841,67.463063,36.55062,39.388295,54.844516,23.932073
2021-09-25,true,Adults,50.582164,66.767432,34.396896,36.291635,52.476903,20.106367
2021-09-25,true,All polls,51.396201,66.790406,36.001996,38.654009,54.048214,23.259804
2021-09-25,true,Voters,51.995143,67.479126,36.511159,39.401661,54.885645,23.917678
2021-09-26,true,Adults,50.572213,66.785875,34.358552,36.308738,52.522399,20.095076
2021-09-26,true,All polls,51.385261,66.807114,35.963408,38.66824,54.090093,23.246387
2021-09-26,true,Voters,51.983475,67.495191,36.471759,39.414984,54.9267,23.903268
2021-09-27,true,Adults,50.562286,66.804308,34.320264,36.325779,52.567801,20.083757
2021-09-27,true,All polls,51.374348,66.82382,35.924876,38.682423,54.131895,23.232951
2021-09-27,true,Voters,51.971837,67.511256,36.432419,39.428262,54.967681,23.888843
2021-09-28,true,Adults,50.552382,66.822733,34.282031,36.342761,52.613111,20.07241
2021-09-28,true,All polls,51.363463,66.840524,35.886402,38.696557,54.173618,23.219496
2021-09-28,true,Voters,51.96023,67.527322,36.393138,39.441495,55.008587,23.874403
2021-09-29,true,Adults,50.542502,66.841149,34.243854,36.359681,52.658328,20.061033
2021-09-29,true,All polls,51.352606,66.857228,35.847984,38.710643,54.215264,23.206021
2021-09-29,true,Voters,51.948655,67.543391,36.353918,39.454683,55.049419,23.859947
2021-09-30,true,Adults,50.532645,66.859558,34.205732,36.37654,52.703453,20.049627
2021-09-30,true,All polls,51.341777,66.873931,35.809623,38.724679,54.256833,23.192525
2021-09-30,true,Voters,51.93711,67.559461,36.314759,39.467826,55.090178,23.845475
2021-10-01,true,Adults,50.522813,66.87796,34.167666,36.393338,52.748485,20.038191
2021-10-01,true,All polls,51.330976,66.890633,35.771319,38.738666,54.298324,23.179009
2021-10-01,true,Voters,51.925596,67.575534,36.275659,39.480924,55.130862,23.830986
2021-10-02,true,Adults,50.513005,66.896354,34.129655,36.410074,52.793424,20.026725
2021-10-02,true,All polls,51.320204,66.907336,35.733071,38.752604,54.339737,23.165471
2021-10-02,true,Voters,51.914114,67.59161,36.236619,39.493976,55.171472,23.81648
2021-10-03,true,Adults,50.503221,66.914743,34.0917,36.426749,52.838271,20.015228
2021-10-03,true,All polls,51.30946,66.92404,35.69488,38.766492,54.381072,23.151912
2021-10-03,true,Voters,51.902664,67.607689,36.197639,39.506982,55.212008,23.801957
2021-10-04,true,Adults,50.493462,66.933125,34.053799,36.443362,52.883024,20.003699
2021-10-04,true,All polls,51.298745,66.940745,35.656745,38.78033,54.42233,23.13833
2021-10-04,true,Voters,51.891245,67.623772,36.158718,39.519942,55.252469,23.787415
2021-10-05,true,Adults,50.483728,66.951502,34.015954,36.459912,52.927686,19.992138
2021-10-05,true,All polls,51.288058,66.957451,35.618666,38.794118,54.46351,23.124726
2021-10-05,true,Voters,51.879859,67.63986,36.119858,39.532856,55.292857,23.772855
2021-10-06,true,Adults,50.474018,66.969873,33.978163,36.4764,52.972255,19.980545
2021-10-06,true,All polls,51.277401,66.974159,35.580644,38.807856,54.504613,23.111098
2021-10-06,true,Voters,51.868504,67.655951,36.081057,39.545723,55.33317,23.758276
