congress,chamber,party_code,party_name,n_members,nominate_dim1_median,nominate_dim2_median,nominate_dim1_mean,nominate_dim2_mean
1,President,5000,Pro-Administration,1,,,,
1,House,4000,Anti-Administration,29,0.018,0.092,-0.02437931,0.141931034
1,House,5000,Pro-Administration,37,0.578,0.057,0.527837838,0.025756757
1,Senate,4000,Anti-Administration,9,-0.2375,-0.213,-0.23975,-0.04475
1,Senate,5000,Pro-Administration,20,0.427,-0.3085,0.35205,-0.1662
2,President,5000,Pro-Administration,1,,,,
2,House,4000,Anti-Administration,32,-0.022,-0.079,-0.039096774,-0.122064516
2,House,5000,Pro-Administration,40,0.533,0.0825,0.5304,0.081625
2,Senate,4000,Anti-Administration,14,-0.392,-0.544,-0.361214286,-0.308
2,Senate,5000,Pro-Administration,17,0.446,-0.252,0.386411765,-0.117882353
3,President,5000,Pro-Administration,1,,,,
3,House,4000,Anti-Administration,56,-0.072,-0.151,-0.071981818,-0.162618182
3,House,5000,Pro-Administration,54,0.5895,0.0745,0.563711538,0.051115385
3,Senate,4000,Anti-Administration,15,-0.37,-0.548,-0.376933333,-0.432
3,Senate,5000,Pro-Administration,18,0.5705,-0.179,0.5735,0.003888889
4,President,1,Federalist,1,,,,
4,House,1,Federalist,54,0.6035,0.1375,0.561555556,0.141037037
4,House,13,Democrat-Republican,61,-0.0975,-0.033,-0.11895,6.67E-05
4,Senate,1,Federalist,29,0.6185,-0.046,0.57525,0.031178571
4,Senate,13,Democrat-Republican,14,-0.37,-0.462,-0.392769231,-0.349692308
5,President,1,Federalist,1,,,,
5,House,1,Federalist,64,0.622,-0.0165,0.596921875,0.02621875
5,House,13,Democrat-Republican,53,-0.108,-0.042,-0.138150943,-0.076113208
5,Senate,1,Federalist,31,0.717,-0.043,0.595290323,0.035
5,Senate,13,Democrat-Republican,14,-0.364,0.023,-0.320769231,-0.152
6,President,1,Federalist,1,,,,
6,House,1,Federalist,64,0.624,-0.0705,0.591875,-0.04340625
6,House,13,Democrat-Republican,50,-0.068,-0.105,-0.101938776,-0.162244898
6,Senate,1,Federalist,27,0.625,0.036,0.573,0.077481481
6,Senate,13,Democrat-Republican,11,-0.277,0.023,-0.317181818,-0.107
7,President,13,Democrat-Republican,1,0.018,0.516,0.018,0.516
7,House,1,Federalist,40,0.622,-0.1705,0.6072,-0.031925
7,House,13,Democrat-Republican,74,-0.052,0.057,-0.084232877,-0.02539726
7,Senate,1,Federalist,16,0.689,-0.1075,0.6685,-0.1065
7,Senate,13,Democrat-Republican,20,-0.232,-0.22,-0.268684211,-0.241631579
8,President,13,Democrat-Republican,1,0.018,0.516,0.018,0.516
8,House,1,Federalist,40,0.615,-0.248,0.599102564,-0.219564103
8,House,13,Democrat-Republican,110,-0.098,0.066,-0.106027523,0.052733945
8,Senate,1,Federalist,10,0.6665,-0.329,0.6515,-0.1751
8,Senate,13,Democrat-Republican,34,-0.2125,-0.22,-0.240176471,-0.298411765
9,President,13,Democrat-Republican,1,0.018,0.516,0.018,0.516
9,House,1,Federalist,29,0.6075,-0.3695,0.569035714,-0.378357143
9,House,13,Democrat-Republican,120,-0.1035,0.0685,-0.090228814,0.037262712
9,Senate,1,Federalist,7,0.646,-0.409,0.658571429,-0.238142857
9,Senate,13,Democrat-Republican,30,-0.1255,-0.164,-0.111766667,-0.165033333
10,President,13,Democrat-Republican,1,0.018,0.516,0.018,0.516
10,House,1,Federalist,27,0.599,-0.429,0.527037037,-0.388518519
10,House,13,Democrat-Republican,122,-0.099,0.066,-0.066801653,0.057289256
10,Senate,1,Federalist,7,0.619,-0.249,0.624142857,-0.236714286
10,Senate,13,Democrat-Republican,32,-0.065,0.068,-0.100645161,-0.012290323
11,President,13,Democrat-Republican,1,0.138,0.731,0.138,0.731
11,House,1,Federalist,51,0.586,-0.43,0.537058824,-0.40727451
11,House,13,Democrat-Republican,103,-0.108,0.095,-0.087873786,0.109893204
11,Senate,1,Federalist,10,0.643,-0.1705,0.6562,-0.2047
11,Senate,13,Democrat-Republican,34,-0.065,0.068,-0.071757576,0.051575758
12,President,13,Democrat-Republican,1,0.138,0.731,0.138,0.731
12,House,1,Federalist,37,0.591,-0.43,0.501567568,-0.425054054
12,House,13,Democrat-Republican,110,-0.102,0.107,-0.094518182,0.109363636
12,Senate,1,Federalist,6,0.5945,-0.1465,0.625166667,-0.1715
12,Senate,13,Democrat-Republican,31,-0.126,0.023,-0.089193548,-0.035548387
13,President,13,Democrat-Republican,1,0.138,0.731,0.138,0.731
13,House,1,Federalist,72,0.58,-0.392,0.524704225,-0.339830986
13,House,13,Democrat-Republican,124,-0.0845,0.219,-0.089572581,0.223096774
13,Senate,1,Federalist,10,0.563,-0.242,0.5939,-0.1883
13,Senate,13,Democrat-Republican,36,-0.2145,0.039,-0.12875,-0.008472222
14,President,13,Democrat-Republican,1,0.138,0.731,0.138,0.731
14,House,1,Federalist,66,0.58,-0.415,0.5216,-0.368092308
14,House,13,Democrat-Republican,133,-0.063,0.18,-0.056218045,0.200398496
14,Senate,1,Federalist,15,0.522,-0.182,0.528066667,-0.1964
14,Senate,13,Democrat-Republican,29,-0.112,0.063,-0.128793103,0.033344828
15,President,13,Democrat-Republican,1,0.13,0.548,0.13,0.548
15,House,1,Federalist,40,0.472,-0.2845,0.41375,-0.2696
15,House,13,Democrat-Republican,155,0.0205,0.155,0.014701299,0.120357143
15,Senate,1,Federalist,13,0.522,-0.237,0.565,-0.287846154
15,Senate,13,Democrat-Republican,33,-0.041,0.132,-0.073969697,0.08069697
16,President,13,Democrat-Republican,1,0.13,0.548,0.13,0.548
16,House,1,Federalist,28,0.37,0.156,0.258178571,0.012321429
16,House,13,Democrat-Republican,173,0.084,0.262,0.031523256,0.197424419
16,Senate,1,Federalist,10,0.5995,-0.245,0.5972,-0.2781
16,Senate,13,Democrat-Republican,41,-0.026,0.052,0.012634146,0.056365854
17,President,13,Democrat-Republican,1,0.13,0.548,0.13,0.548
17,House,1,Federalist,36,0.36,0.147,0.2758,0.0382
17,House,13,Democrat-Republican,165,0.106,0.116,0.046478528,0.079889571
17,Senate,1,Federalist,5,0.575,-0.237,0.5668,-0.2076
17,Senate,13,Democrat-Republican,48,0.034,0.0455,0.082458333,0.044020833
18,President,13,Democrat-Republican,1,0.13,0.548,0.13,0.548
18,House,13,Democrat-Republican,4,0.257,0.635,0.343333333,0.607333333
18,House,1346,Jackson Republican,65,0.043,0.4585,-0.00140625,0.416328125
18,House,6000,Crawford Federalist,2,0.202,-0.144,0.202,-0.144
18,House,7000,Jackson Federalist,7,0.153,0.338,0.131857143,0.369142857
18,House,7777,Crawford Republican,56,-0.305,-0.23,-0.193218182,-0.193072727
18,House,8000,Adams-Clay Federalist,15,0.289,0.04,0.244933333,-0.195066667
18,House,8888,Adams-Clay Republican,72,0.281,0.111,0.323140845,0.043309859
18,Senate,1346,Jackson Republican,12,-0.1835,-0.0835,-0.160583333,-0.042666667
18,Senate,7777,Crawford Republican,22,0.076,0.006,0.1025,-0.058909091
18,Senate,8000,Adams-Clay Federalist,5,0.57,-0.253,0.5224,-0.2444
18,Senate,8888,Adams-Clay Republican,14,0.233,0.3745,0.227357143,0.437571429
19,President,22,Adams,1,0.396,-0.147,0.396,-0.147
19,House,22,Adams,113,0.227,0.069,0.223892857,0.032348214
19,House,555,Jackson,112,-0.189,0.283,-0.182526786,0.178160714
19,Senate,22,Adams,26,0.37,0.38,0.3494,0.40732
19,Senate,555,Jackson,32,-0.142,-0.226,-0.098709677,-0.210322581
19,Senate,1346,Jackson Republican,1,-0.497,0.868,-0.497,0.868
19,Senate,7777,Crawford Republican,1,0.919,0.377,0.919,0.377
20,President,22,Adams,1,0.396,-0.147,0.396,-0.147
20,House,22,Adams,104,0.282,0.1155,0.26475,0.095115385
20,House,555,Jackson,118,-0.2205,0.242,-0.21379661,0.170864407
20,Senate,22,Adams,23,0.37,0.558,0.336826087,0.479
20,Senate,555,Jackson,30,-0.0745,-0.2315,-0.096333333,-0.179466667
21,President,555,Jackson,1,-0.25,-0.098,-0.25,-0.098
21,House,26,Anti Masonic,5,0.267,0.136,0.279,0.1434
21,House,555,Jackson,142,-0.2625,0.0505,-0.243288732,0.001830986
21,House,1275,Anti-Jackson,74,0.294,0.147,0.293835616,0.187876712
21,Senate,555,Jackson,31,-0.0985,-0.187,-0.157733333,-0.1412
21,Senate,1275,Anti-Jackson,23,0.395,0.38,0.387608696,0.421652174
22,President,555,Jackson,1,-0.25,-0.098,-0.25,-0.098
22,House,26,Anti Masonic,17,0.248,-0.033,0.259411765,-0.010470588
22,House,44,Nullifier,4,-0.3125,0.9085,-0.34325,0.8035
22,House,555,Jackson,130,-0.29,-0.0845,-0.279546154,-0.059223077
22,House,1275,Anti-Jackson,67,0.294,0.204,0.289208955,0.207761194
22,Senate,44,Nullifier,3,-0.04,-0.571,-0.032,-0.568333333
22,Senate,555,Jackson,29,-0.161,0.059,-0.20537931,0.108482759
22,Senate,1275,Anti-Jackson,23,0.4075,0.3095,0.406545455,0.282772727
23,President,555,Jackson,1,-0.25,-0.098,-0.25,-0.098
23,House,26,Anti Masonic,26,0.315,-0.0195,0.328038462,-0.058115385
23,House,44,Nullifier,10,-0.3765,0.884,-0.4026,0.7947
23,House,555,Jackson,150,-0.2665,-0.267,-0.266613333,-0.187613333
23,House,1275,Anti-Jackson,72,0.1875,0.2525,0.188652778,0.273875
23,Senate,44,Nullifier,2,-0.0805,-0.062,-0.0805,-0.062
23,Senate,555,Jackson,25,-0.274,-0.021,-0.30032,0.11124
23,Senate,1275,Anti-Jackson,29,0.384,0.18,0.312034483,0.139724138
24,President,555,Jackson,1,-0.25,-0.098,-0.25,-0.098
24,House,26,Anti Masonic,16,0.356,-0.0805,0.349,-0.144375
24,House,29,Whig,2,0.1705,0.199,0.1705,0.199
24,House,44,Nullifier,8,-0.4585,0.86,-0.451,0.809875
24,House,555,Jackson,149,-0.283,-0.36,-0.296702703,-0.312033784
24,House,1275,Anti-Jackson,80,0.0805,0.314,0.0771125,0.3194875
24,Senate,44,Nullifier,2,-0.0805,-0.062,-0.0805,-0.062
24,Senate,555,Jackson,34,-0.344,-0.0095,-0.378529412,0.071970588
24,Senate,1275,Anti-Jackson,27,0.274,0.18,0.257185185,0.166962963
25,President,100,Democrat,1,0.105,-0.969,0.105,-0.969
25,House,26,Anti Masonic,7,0.398,-0.146,0.370142857,-0.133285714
25,House,29,Whig,110,0.1745,0.2525,0.121909091,0.272081818
25,House,44,Nullifier,6,-0.5095,0.8155,-0.507166667,0.737833333
25,House,100,Democrat,134,-0.283,-0.418,-0.297308271,-0.362631579
25,House,328,Independent,1,-0.065,0.368,-0.065,0.368
25,Senate,29,Whig,19,0.181,0.181,0.210105263,0.266368421
25,Senate,100,Democrat,40,-0.341,-0.1245,-0.364825,-0.038925
26,President,100,Democrat,1,0.105,-0.969,0.105,-0.969
26,House,26,Anti Masonic,6,0.3815,-0.2285,0.367666667,-0.1775
26,House,29,Whig,121,0.209,0.2325,0.122775,0.290358333
26,House,100,Democrat,128,-0.297,-0.452,-0.32103125,-0.369367188
26,House,112,Conservative,2,-0.3525,0.2905,-0.3525,0.2905
26,Senate,29,Whig,28,0.251,0.174,0.207321429,0.253071429
26,Senate,100,Democrat,32,-0.3695,-0.1695,-0.39009375,-0.1026875
27,President,29,Whig,2,0.251,-0.968,0.251,-0.968
27,House,29,Whig,151,0.179,0.176,0.140569536,0.261059603
27,House,100,Democrat,106,-0.3475,-0.3345,-0.363773585,-0.267311321
27,House,328,Independent,1,-0.576,0.749,-0.576,0.749
27,House,329,Ind. Democrat,1,-0.109,-0.17,-0.109,-0.17
27,Senate,29,Whig,34,0.251,0.2595,0.199735294,0.244352941
27,Senate,100,Democrat,25,-0.373,-0.161,-0.40524,-0.13648
28,President,29,Whig,1,0.251,-0.968,0.251,-0.968
28,House,29,Whig,80,0.251,0.2125,0.1713625,0.2380375
28,House,100,Democrat,152,-0.2815,-0.2805,-0.298193333,-0.25352
28,House,329,Ind. Democrat,1,0.172,0.042,0.172,0.042
28,House,403,Law and Order,2,0.1765,0.1645,0.1765,0.1645
28,House,603,Ind. Whig,1,-0.092,0.545,-0.092,0.545
28,Senate,29,Whig,29,0.216,0.25,0.169413793,0.241724138
28,Senate,100,Democrat,30,-0.412,-0.2215,-0.421933333,-0.121966667
28,Senate,403,Law and Order,1,0.353,-0.355,0.353,-0.355
29,President,100,Democrat,1,-0.659,-0.504,-0.659,-0.504
29,House,29,Whig,84,0.232,0.195,0.174329268,0.253036585
29,House,100,Democrat,150,-0.29,-0.2235,-0.32852,-0.21964
29,House,310,American,6,0.145,0.037,0.1285,0.064833333
29,Senate,29,Whig,26,0.2805,0.2235,0.244653846,0.244961538
29,Senate,100,Democrat,39,-0.43,-0.082,-0.428897436,-0.015435897
29,Senate,1111,Liberty,1,0.907,0.29,0.907,0.29
30,President,100,Democrat,1,-0.659,-0.504,-0.659,-0.504
30,House,29,Whig,119,0.242,0.085,0.197350427,0.19474359
30,House,100,Democrat,115,-0.3375,-0.211,-0.34872807,-0.214078947
30,House,310,American,1,0.013,0.24,0.013,0.24
30,House,328,Independent,1,0.552,-0.598,0.552,-0.598
30,House,329,Ind. Democrat,2,-0.129,-0.493,-0.129,-0.493
30,Senate,29,Whig,24,0.2115,0.248,0.204791667,0.316583333
30,Senate,100,Democrat,47,-0.398,-0.175,-0.380851064,-0.175
30,Senate,329,Ind. Democrat,1,0.11,-0.8,0.11,-0.8
31,President,29,Whig,2,,,,
31,House,29,Whig,113,0.298,0.154,0.239168142,0.185159292
31,House,100,Democrat,120,-0.374,-0.159,-0.386588235,-0.179016807
31,House,300,Free Soil,9,0.425,-0.812,0.387444444,-0.814111111
31,House,310,American,1,0.013,0.24,0.013,0.24
31,House,328,Independent,1,0.013,0.246,0.013,0.246
31,Senate,29,Whig,29,0.244,0.243,0.186428571,0.318892857
31,Senate,100,Democrat,40,-0.377,-0.151,-0.374,-0.1298
31,Senate,300,Free Soil,2,0.2125,-0.8745,0.2125,-0.8745
32,President,29,Whig,1,,,,
32,House,29,Whig,89,0.289,0.149,0.247235955,0.097842697
32,House,46,States Rights,3,-0.421,0.087,-0.451333333,0.068666667
32,House,100,Democrat,129,-0.303,-0.163,-0.305116279,-0.186426357
32,House,300,Free Soil,4,0.4775,-0.8045,0.4525,-0.792
32,House,329,Ind. Democrat,3,-0.23,0.037,-0.175,-0.010666667
32,House,603,Ind. Whig,1,0.022,0.735,0.022,0.735
32,House,4444,Union,10,-0.407,0.337,-0.4084,0.308
32,Senate,29,Whig,26,0.102,0.2965,0.0945,0.375576923
32,Senate,100,Democrat,44,-0.384,-0.051,-0.378295455,-0.115886364
32,Senate,300,Free Soil,3,0.315,-0.8,0.255666667,-0.664333333
33,President,100,Democrat,1,0.256,0.132,0.256,0.132
33,House,29,Whig,77,0.2585,-0.069,0.191644737,-0.066078947
33,House,100,Democrat,159,-0.31,-0.099,-0.300235669,-0.10733121
33,House,300,Free Soil,4,0.294,-0.497,0.276,-0.47725
33,House,328,Independent,1,0.103,-0.224,0.103,-0.224
33,House,329,Ind. Democrat,1,-0.214,-0.053,-0.214,-0.053
33,Senate,29,Whig,23,0.03,0.373,0.070565217,0.379695652
33,Senate,100,Democrat,42,-0.384,0.008,-0.362214286,-0.090904762
33,Senate,300,Free Soil,4,0.4305,-0.5615,0.4705,-0.579
33,Senate,310,American,1,0.332,-0.22,0.332,-0.22
34,President,100,Democrat,1,0.256,0.132,0.256,0.132
34,House,100,Democrat,85,-0.432,-0.076,-0.396564706,-0.057294118
34,House,200,Republican,1,0.549,-0.683,0.549,-0.683
34,House,310,American,52,0.0275,0.1605,0.101480769,0.121846154
34,House,3333,Opposition,100,0.313,-0.337,0.290878788,-0.321909091
34,Senate,100,Democrat,39,-0.405,0.033,-0.380384615,0.009051282
34,Senate,200,Republican,1,0.343,-0.291,0.343,-0.291
34,Senate,310,American,1,-0.361,-0.056,-0.361,-0.056
34,Senate,3333,Opposition,23,0.214,0.1585,0.138227273,0.086409091
35,President,100,Democrat,1,-0.721,-0.045,-0.721,-0.045
35,House,100,Democrat,136,-0.341,0.031,-0.375562963,0.085281481
35,House,200,Republican,94,0.3225,-0.367,0.329808511,-0.399521277
35,House,310,American,15,-0.072,0.343,-0.0754,0.368
35,House,329,Ind. Democrat,2,-0.0965,0.087,-0.0965,0.087
35,Senate,100,Democrat,47,-0.421,0.137,-0.408425532,0.128659574
35,Senate,200,Republican,21,0.268,-0.228,0.250952381,-0.358619048
35,Senate,310,American,5,-0.08,0.453,-0.1458,0.4052
36,President,100,Democrat,1,-0.721,-0.045,-0.721,-0.045
36,House,100,Democrat,87,-0.437,-0.006,-0.425862069,0.04245977
36,House,108,Anti-Lecompton Democrat,8,-0.002,-0.0995,-0.01025,-0.075625
36,House,200,Republican,119,0.293,-0.2645,0.294525424,-0.301525424
36,House,310,American,5,0.068,0.512,0.0242,0.5722
36,House,329,Ind. Democrat,7,-0.425,0.397,-0.387142857,0.243
36,House,3334,Opposition,19,-0.091,0.156,-0.112052632,0.216473684
36,Senate,100,Democrat,41,-0.445,0.101,-0.432585366,0.06597561
36,Senate,200,Republican,27,0.244,-0.244,0.239074074,-0.373
36,Senate,310,American,2,-0.108,0.4395,-0.108,0.4395
37,President,200,Republican,1,0.431,0.902,0.431,0.902
37,House,37,Constitutional Unionist,2,0.0335,0.595,0.0335,0.595
37,House,100,Democrat,52,-0.279,0.263,-0.232784314,0.310254902
37,House,200,Republican,114,0.3165,-0.2445,0.306587719,-0.244394737
37,House,206,Unionist,32,-0.001,0.444,0.004935484,0.378774194
37,House,329,Ind. Democrat,1,-0.334,0.942,-0.334,0.942
37,House,4444,Union,2,0.138,0.574,0.138,0.574
37,Senate,100,Democrat,29,-0.421,0.114,-0.393172414,0.101448276
37,Senate,200,Republican,37,0.214,-0.236,0.19975,-0.346083333
37,Senate,206,Unionist,8,-0.183,0.208,-0.147,0.07175
38,President,200,Republican,1,0.431,0.902,0.431,0.902
38,House,100,Democrat,75,-0.306,0.1145,-0.287716216,0.15677027
38,House,200,Republican,86,0.3465,-0.135,0.347895349,-0.094267442
38,House,203,Unconditional Unionist,18,0.216,0.2695,0.179777778,0.138055556
38,House,206,Unionist,9,-0.122,0.56,-0.191444444,0.231666667
38,House,331,Ind. Republican,2,0.0985,-0.5075,0.0985,-0.5075
38,Senate,100,Democrat,11,-0.303,0.265,-0.296181818,0.291545455
38,Senate,200,Republican,34,0.27,-0.1375,0.250647059,-0.209617647
38,Senate,203,Unconditional Unionist,5,0.025,-0.037,0.0244,-0.092
38,Senate,206,Unionist,5,-0.1915,0.386,-0.185,0.36125
39,President,200,Republican,2,0.431,0.902,0.431,0.902
39,House,100,Democrat,44,-0.338,0.2315,-0.3575,0.168431818
39,House,200,Republican,138,0.314,-0.143,0.303474453,-0.131729927
39,House,203,Unconditional Unionist,14,0.1305,0.1755,0.107785714,0.141142857
39,House,206,Unionist,5,-0.255,-0.115,-0.2502,-0.0602
39,House,331,Ind. Republican,1,0.371,-0.596,0.371,-0.596
39,Senate,100,Democrat,11,-0.275,0.182,-0.294090909,0.175272727
39,Senate,200,Republican,44,0.27,-0.078,0.234954545,-0.138681818
39,Senate,203,Unconditional Unionist,3,0.025,0.278,0.055666667,0.386666667
39,Senate,206,Unionist,1,-0.289,0.45,-0.289,0.45
40,President,200,Republican,1,,,,
40,House,100,Democrat,51,-0.3565,0.069,-0.3676,0.1506
40,House,112,Conservative,2,-0.034,0.3385,-0.034,0.3385
40,House,200,Republican,178,0.3105,-0.1045,0.309859551,-0.124837079
40,House,331,Ind. Republican,2,0.208,0.0675,0.208,0.0675
40,House,1116,Conservative Republican,1,0.068,0.95,0.068,0.95
40,Senate,100,Democrat,12,-0.4275,0.1165,-0.428,0.089166667
40,Senate,200,Republican,57,0.286,0.059,0.255561404,0.096245614
41,President,200,Republican,1,0.18,0.018,0.18,0.018
41,House,100,Democrat,72,-0.372,-0.025,-0.367861111,0.056375
41,House,112,Conservative,6,-0.133,0.442,-0.205166667,0.322166667
41,House,200,Republican,180,0.3255,-0.092,0.322672222,-0.108144444
41,Senate,100,Democrat,13,-0.42,-0.136,-0.448384615,-0.093538462
41,Senate,200,Republican,67,0.2805,0.0315,0.261136364,0.084863636
42,President,200,Republican,1,0.18,0.018,0.18,0.018
42,House,100,Democrat,106,-0.349,-0.018,-0.344726415,0.001132075
42,House,200,Republican,143,0.3265,-0.08,0.323915493,-0.093514085
42,House,208,Liberal Republican,4,-0.057,0.0245,-0.156,0.0535
42,House,331,Ind. Republican,1,0.467,0.639,0.467,0.639
42,Senate,100,Democrat,18,-0.4555,-0.236,-0.457888889,-0.221444444
42,Senate,200,Republican,56,0.2845,0.0445,0.267714286,0.046375
42,Senate,208,Liberal Republican,1,0.022,-0.343,0.022,-0.343
43,President,200,Republican,1,0.18,0.018,0.18,0.018
43,House,100,Democrat,95,-0.3795,-0.0155,-0.377138298,-0.026585106
43,House,200,Republican,206,0.3245,-0.1135,0.317397059,-0.094563725
43,House,208,Liberal Republican,4,-0.267,-0.138,-0.129,-0.038666667
43,House,329,Ind. Democrat,1,-0.556,0.011,-0.556,0.011
43,House,331,Ind. Republican,1,0.223,-0.812,0.223,-0.812
43,Senate,100,Democrat,21,-0.42,-0.139,-0.481619048,-0.197857143
43,Senate,200,Republican,51,0.285,0.124,0.274666667,0.083666667
43,Senate,208,Liberal Republican,7,0.122,-0.343,0.148571429,-0.218857143
44,President,200,Republican,1,0.18,0.018,0.18,0.018
44,House,100,Democrat,189,-0.363,-0.111,-0.35573262,-0.133326203
44,House,200,Republican,111,0.364,-0.155,0.362162162,-0.134117117
44,House,328,Independent,4,0.0195,0.506,0.02475,0.3195
44,House,329,Ind. Democrat,1,-0.256,0.246,-0.256,0.246
44,House,331,Ind. Republican,4,0.3645,-0.56,0.37925,-0.4635
44,Senate,100,Democrat,34,-0.42,-0.041,-0.44569697,-0.089606061
44,Senate,200,Republican,47,0.274,0.106,0.252510638,0.077638298
44,Senate,331,Ind. Republican,1,0.104,-0.118,0.104,-0.118
45,President,200,Republican,1,,,,
45,House,100,Democrat,158,-0.3765,-0.084,-0.373424051,-0.154860759
45,House,200,Republican,143,0.379,-0.091,0.368034965,-0.092223776
45,House,329,Ind. Democrat,2,-0.349,0.0595,-0.349,0.0595
45,Senate,100,Democrat,38,-0.4175,-0.037,-0.436578947,-0.113526316
45,Senate,200,Republican,43,0.274,0.13,0.26655814,0.106069767
45,Senate,328,Independent,1,-0.06,-0.083,-0.06,-0.083
46,President,200,Republican,1,,,,
46,House,100,Democrat,146,-0.395,-0.048,-0.390986207,-0.049344828
46,House,200,Republican,135,0.399,-0.129,0.394896296,-0.128074074
46,House,326,National Greenbacker,13,-0.036,0.992,-0.012461538,0.814307692
46,House,329,Ind. Democrat,7,-0.3305,0.1665,-0.353333333,0.162833333
46,Senate,100,Democrat,45,-0.43,-0.039,-0.4526,-0.116755556
46,Senate,200,Republican,35,0.286,0.059,0.295342857,-0.027171429
46,Senate,328,Independent,1,-0.06,-0.083,-0.06,-0.083
47,President,200,Republican,2,0.095,-0.995,0.095,-0.995
47,House,100,Democrat,137,-0.396,-0.0835,-0.394977941,-0.068183824
47,House,117,Readjuster Democrat,2,-0.009,0.4875,-0.009,0.4875
47,House,200,Republican,160,0.391,-0.05,0.387735849,-0.050754717
47,House,326,National Greenbacker,10,0.0315,0.9915,0.0131,0.8629
47,House,328,Independent,1,0.259,-0.291,0.259,-0.291
47,House,329,Ind. Democrat,1,-0.165,0.087,-0.165,0.087
47,Senate,100,Democrat,38,-0.4335,0.0075,-0.448815789,-0.052763158
47,Senate,114,Readjuster,1,0.397,0.296,0.397,0.296
47,Senate,200,Republican,45,0.314,-0.158,0.314755556,-0.113044444
47,Senate,328,Independent,1,-0.06,-0.083,-0.06,-0.083
48,President,200,Republican,1,0.095,-0.995,0.095,-0.995
48,House,100,Democrat,203,-0.337,-0.062,-0.346916256,-0.052842365
48,House,114,Readjuster,6,0.348,-0.296,0.3162,-0.1822
48,House,200,Republican,126,0.385,-0.005,0.377488,0.001824
48,House,326,National Greenbacker,3,-0.218,0.6,-0.062666667,0.556
48,House,328,Independent,2,-0.178,-0.1455,-0.178,-0.1455
48,House,329,Ind. Democrat,3,-0.042,0.112,-0.208333333,0.272
48,House,331,Ind. Republican,1,0.133,-0.991,0.133,-0.991
48,Senate,100,Democrat,36,-0.4335,-0.052,-0.449444444,-0.091666667
48,Senate,114,Readjuster,2,0.204,0.2335,0.204,0.2335
48,Senate,200,Republican,40,0.308,-0.2515,0.311025,-0.192675
49,President,100,Democrat,1,-0.362,-0.758,-0.362,-0.758
49,House,100,Democrat,188,-0.357,-0.052,-0.365705882,-0.093010695
49,House,200,Republican,143,0.391,0.022,0.383615385,0.053342657
49,House,326,National Greenbacker,1,-0.078,0.997,-0.078,0.997
49,House,329,Ind. Democrat,1,-0.181,-0.966,-0.181,-0.966
49,Senate,100,Democrat,39,-0.43,-0.071,-0.445820513,-0.125666667
49,Senate,200,Republican,45,0.288,-0.218,0.298066667,-0.158666667
50,President,100,Democrat,1,-0.362,-0.758,-0.362,-0.758
50,House,100,Democrat,171,-0.379,-0.1825,-0.370252941,-0.195617647
50,House,200,Republican,154,0.398,0.048,0.394640523,0.046895425
50,House,326,National Greenbacker,1,-0.078,0.997,-0.078,0.997
50,House,328,Independent,1,0.337,0.016,0.337,0.016
50,House,331,Ind. Republican,2,0.177,0.9765,0.177,0.9765
50,House,355,Union,2,-0.156,0.7065,-0.156,0.7065
50,Senate,100,Democrat,37,-0.457,-0.071,-0.458837838,-0.123081081
50,Senate,200,Republican,40,0.287,-0.2305,0.288575,-0.1785
51,President,200,Republican,1,0.268,-0.182,0.268,-0.182
51,House,100,Democrat,170,-0.381,-0.206,-0.383609467,-0.229893491
51,House,200,Republican,184,0.408,0.0555,0.411668478,0.091038043
51,House,356,Union Labor,1,0.181,0.139,0.181,0.139
51,Senate,100,Democrat,38,-0.447,-0.0785,-0.452842105,-0.124078947
51,Senate,200,Republican,53,0.304,-0.183,0.312226415,-0.10445283
52,President,200,Republican,1,0.268,-0.182,0.268,-0.182
52,House,100,Democrat,248,-0.32,-0.206,-0.34145749,-0.236866397
52,House,200,Republican,91,0.426,0.016,0.424921348,0.044123596
52,House,340,Populist,8,-0.159,0.9865,-0.166125,0.983625
52,Senate,100,Democrat,45,-0.43,-0.086,-0.441111111,-0.184688889
52,Senate,200,Republican,49,0.305,-0.187,0.310653061,-0.115734694
52,Senate,340,Populist,2,-0.083,0.7395,-0.083,0.7395
53,President,100,Democrat,1,-0.362,-0.758,-0.362,-0.758
53,House,100,Democrat,229,-0.339,-0.2015,-0.351495614,-0.203026316
53,House,200,Republican,135,0.439,-0.032,0.439842105,-0.000954887
53,House,329,Ind. Democrat,2,-0.2165,-0.738,-0.2165,-0.738
53,House,340,Populist,11,-0.16,0.986,-0.164636364,0.892090909
53,House,1060,Silver,1,-0.177,-0.067,-0.177,-0.067
53,Senate,100,Democrat,48,-0.4265,-0.0235,-0.438229167,-0.158395833
53,Senate,200,Republican,44,0.3115,-0.185,0.323,-0.131022727
53,Senate,340,Populist,3,-0.108,0.977,-0.126666667,0.818666667
53,Senate,1060,Silver,1,0.252,0.215,0.252,0.215
54,President,100,Democrat,1,-0.362,-0.758,-0.362,-0.758
54,House,100,Democrat,107,-0.422,-0.091,-0.422029126,-0.100368932
54,House,200,Republican,255,0.43,0.052,0.416043478,0.039071146
54,House,340,Populist,9,-0.158,0.974,-0.112333333,0.896333333
54,House,1060,Silver,1,-0.177,-0.067,-0.177,-0.067
54,Senate,100,Democrat,40,-0.414,-0.1055,-0.42285,-0.173075
54,Senate,200,Republican,44,0.3215,-0.1525,0.346181818,-0.090863636
54,Senate,340,Populist,4,-0.161,0.976,-0.15025,0.85775
54,Senate,1060,Silver,2,0.228,0.2235,0.228,0.2235
55,President,200,Republican,1,0.232,0.372,0.232,0.372
55,House,100,Democrat,132,-0.396,0.122,-0.389136364,0.062090909
55,House,200,Republican,212,0.4345,-0.047,0.430429245,-0.041589623
55,House,331,Ind. Republican,1,0.443,-0.085,0.443,-0.085
55,House,340,Populist,22,-0.2535,0.951,-0.249318182,0.916227273
55,House,354,Silver Republican,3,-0.198,0.465,-0.113,0.392666667
55,House,1060,Silver,1,-0.177,-0.067,-0.177,-0.067
55,Senate,100,Democrat,38,-0.424,0,-0.426054054,-0.126135135
55,Senate,200,Republican,46,0.374,-0.303,0.381108696,-0.294847826
55,Senate,340,Populist,5,-0.214,0.968,-0.191,0.8354
55,Senate,354,Silver Republican,5,0.095,0.825,0.0666,0.7902
55,Senate,1060,Silver,2,0.228,0.2235,0.228,0.2235
56,President,200,Republican,1,0.232,0.372,0.232,0.372
56,House,100,Democrat,170,-0.36,-0.01,-0.36443787,-0.048976331
56,House,200,Republican,197,0.442,-0.005,0.437263959,-0.009670051
56,House,340,Populist,7,-0.298,0.954,-0.328428571,0.859428571
56,House,354,Silver Republican,2,-0.124,0.2495,-0.124,0.2495
56,House,1060,Silver,1,-0.177,-0.067,-0.177,-0.067
56,Senate,100,Democrat,28,-0.4325,-0.061,-0.418071429,-0.096892857
56,Senate,200,Republican,57,0.386,-0.2445,0.396857143,-0.218464286
56,Senate,340,Populist,5,-0.214,0.968,-0.191,0.8354
56,Senate,354,Silver Republican,3,0.071,0.825,0.027,0.769
56,Senate,1060,Silver,2,0.228,0.2235,0.228,0.2235
57,President,200,Republican,2,0.3175,0.425,0.3175,0.425
57,House,100,Democrat,161,-0.3645,0.0425,-0.36856875,0.01243125
57,House,200,Republican,206,0.4435,-0.0635,0.44768932,-0.045150485
57,House,340,Populist,5,-0.284,0.542,-0.2814,0.524
57,House,354,Silver Republican,1,-0.198,0.121,-0.198,0.121
57,Senate,100,Democrat,32,-0.397,-0.011,-0.37375,-0.01946875
57,Senate,200,Republican,60,0.4015,-0.295,0.399416667,-0.190366667
57,Senate,340,Populist,2,-0.188,0.8765,-0.188,0.8765
58,President,200,Republican,1,0.403,0.478,0.403,0.478
58,House,100,Democrat,182,-0.368,0.016,-0.363852273,-0.039823864
58,House,200,Republican,215,0.443,-0.044,0.449686916,-0.006098131
58,House,331,Ind. Republican,3,0.58,-0.808,0.585,-0.781333333
58,Senate,100,Democrat,33,-0.39,-0.144,-0.360545455,-0.14130303
58,Senate,200,Republican,60,0.435,-0.295,0.433716667,-0.199316667
59,President,200,Republican,1,0.403,0.478,0.403,0.478
59,House,100,Democrat,141,-0.395,-0.0075,-0.379775362,-0.038789855
59,House,200,Republican,262,0.444,-0.069,0.444737452,-0.035725869
59,Senate,100,Democrat,35,-0.395,-0.144,-0.3672,-0.130228571
59,Senate,200,Republican,63,0.433,-0.244,0.435885246,-0.156655738
60,President,200,Republican,1,0.403,0.478,0.403,0.478
60,House,100,Democrat,170,-0.3665,-0.01,-0.360214286,-0.054238095
60,House,200,Republican,230,0.442,-0.0285,0.438486957,-0.001908696
60,House,331,Ind. Republican,1,0.551,-0.746,0.551,-0.746
60,Senate,100,Democrat,37,-0.3905,-0.176,-0.360972222,-0.189305556
60,Senate,200,Republican,65,0.426,-0.187,0.425907692,-0.093723077
61,President,200,Republican,1,0.175,-0.985,0.175,-0.985
61,House,100,Democrat,180,-0.365,0.018,-0.352659218,-0.017905028
61,House,200,Republican,222,0.432,-0.0505,0.426693694,-0.03531982
61,Senate,100,Democrat,40,-0.38,-0.2045,-0.361157895,-0.261552632
61,Senate,200,Republican,63,0.417,-0.129,0.417428571,-0.065571429
62,President,200,Republican,1,0.175,-0.985,0.175,-0.985
62,House,100,Democrat,237,-0.32,-0.002,-0.325468354,-0.038704641
62,House,200,Republican,170,0.414,-0.004,0.413538462,0.030633136
62,House,213,Progressive Republican,1,0.11,0.866,0.11,0.866
62,House,380,Socialist,1,0.176,0.635,0.176,0.635
62,Senate,100,Democrat,53,-0.298,-0.162,-0.309647059,-0.175764706
62,Senate,200,Republican,57,0.417,-0.128,0.407421053,-0.023263158
63,President,100,Democrat,1,-0.398,-0.559,-0.398,-0.559
63,House,100,Democrat,305,-0.304,0.025,-0.308013289,-0.045524917
63,House,200,Republican,139,0.4005,0.12,0.403644928,0.049318841
63,House,328,Independent,1,0.083,0.203,0.083,0.203
63,House,370,Progressive,9,0.29,0.557,0.288555556,0.400666667
63,Senate,100,Democrat,56,-0.278,-0.141,-0.280946429,-0.149589286
63,Senate,200,Republican,44,0.4175,-0.038,0.406886364,0.030363636
63,Senate,370,Progressive,1,0.199,0.341,0.199,0.341
64,President,100,Democrat,1,-0.398,-0.559,-0.398,-0.559
64,House,100,Democrat,235,-0.318,0.169,-0.313790598,0.082397436
64,House,200,Republican,200,0.4105,0.013,0.40984,-0.044395
64,House,328,Independent,1,0.083,0.203,0.083,0.203
64,House,347,Prohibitionist,1,0.026,0.591,0.026,0.591
64,House,370,Progressive,6,0.313,-0.059,0.245833333,-0.033166667
64,House,380,Socialist,1,-0.026,0.512,-0.026,0.512
64,Senate,100,Democrat,58,-0.2865,-0.0635,-0.284689655,-0.095344828
64,Senate,200,Republican,42,0.432,-0.0495,0.421666667,0.024833333
65,President,100,Democrat,1,-0.398,-0.559,-0.398,-0.559
65,House,100,Democrat,226,-0.312,0.201,-0.307648889,0.119364444
65,House,200,Republican,225,0.4,0,0.408040359,-0.030161435
65,House,331,Ind. Republican,1,0.178,0.036,0.178,0.036
65,House,347,Prohibitionist,1,0.026,0.591,0.026,0.591
65,House,370,Progressive,3,0.214,0.233,0.134333333,0.291333333
65,House,380,Socialist,1,-0.026,0.512,-0.026,0.512
65,Senate,100,Democrat,62,-0.269,-0.137,-0.278606557,-0.12242623
65,Senate,200,Republican,49,0.403,-0.044,0.418638298,0.033446809
66,President,100,Democrat,1,-0.398,-0.559,-0.398,-0.559
66,House,100,Democrat,204,-0.3195,0.2575,-0.310848039,0.120044118
66,House,200,Republican,248,0.4095,0.0585,0.4045,0.001862903
66,House,331,Ind. Republican,1,0.194,0.981,0.194,0.981
66,House,347,Prohibitionist,1,0.026,0.591,0.026,0.591
66,House,356,Union Labor,1,-0.077,0.786,-0.077,0.786
66,Senate,100,Democrat,50,-0.281,-0.14,-0.29324,-0.15808
66,Senate,200,Republican,51,0.426,-0.055,0.425078431,0.033039216
67,President,200,Republican,1,0.445,-0.748,0.445,-0.748
67,House,100,Democrat,138,-0.312,0.4085,-0.309608696,0.318253623
67,House,200,Republican,313,0.403,0.041,0.394543408,0.005961415
67,House,331,Ind. Republican,1,0.452,-0.062,0.452,-0.062
67,House,380,Socialist,1,-0.026,0.512,-0.026,0.512
67,Senate,100,Democrat,40,-0.269,-0.137,-0.286410256,-0.138794872
67,Senate,200,Republican,67,0.432,0.045,0.420742424,0.063454545
68,President,200,Republican,2,0.4205,-0.219,0.4205,-0.219
68,House,100,Democrat,218,-0.279,0.383,-0.288557604,0.243059908
68,House,200,Republican,233,0.413,0.109,0.407137339,0.053682403
68,House,380,Socialist,1,0.176,0.635,0.176,0.635
68,House,537,Farmer-Labor,2,0.151,0.9885,0.151,0.9885
68,Senate,100,Democrat,43,-0.259,-0.028,-0.25327907,-0.090186047
68,Senate,200,Republican,59,0.43,0.057,0.413898305,0.060830508
68,Senate,537,Farmer-Labor,2,0.19,0.908,0.19,0.908
69,President,200,Republican,1,0.396,0.31,0.396,0.31
69,House,100,Democrat,185,-0.265,0.521,-0.280518919,0.329048649
69,House,200,Republican,253,0.401,0.0525,0.394696,0.008624
69,House,380,Socialist,1,0.176,0.635,0.176,0.635
69,House,523,American Labor,1,0.208,0.66,0.208,0.66
69,House,537,Farmer-Labor,3,0.151,0.988,0.075,0.921
69,Senate,100,Democrat,43,-0.267,-0.055,-0.268651163,-0.091534884
69,Senate,200,Republican,61,0.419,0.14,0.397967213,0.14557377
69,Senate,537,Farmer-Labor,1,0.21,0.978,0.21,0.978
70,President,200,Republican,1,0.396,0.31,0.396,0.31
70,House,100,Democrat,198,-0.2655,0.523,-0.285979798,0.309010101
70,House,200,Republican,243,0.39,0.055,0.38240249,0.019983402
70,House,380,Socialist,1,0.176,0.635,0.176,0.635
70,House,537,Farmer-Labor,2,0.037,0.887,0.037,0.887
70,Senate,100,Democrat,48,-0.263,-0.034,-0.2726875,-0.050020833
70,Senate,200,Republican,54,0.417,0.14,0.392490566,0.148735849
70,Senate,537,Farmer-Labor,1,0.21,0.978,0.21,0.978
71,President,200,Republican,1,,,,
71,House,100,Democrat,177,-0.265,0.515,-0.283653179,0.29816185
71,House,200,Republican,278,0.376,0.054,0.368870036,0.014635379
71,House,537,Farmer-Labor,2,-0.014,0.349,-0.014,0.349
71,Senate,100,Democrat,44,-0.268,0.0005,-0.278477273,0.012613636
71,Senate,200,Republican,64,0.4185,0.0465,0.403421875,0.06815625
71,Senate,537,Farmer-Labor,1,0.21,0.978,0.21,0.978
72,President,200,Republican,1,,,,
72,House,100,Democrat,231,-0.249,0.503,-0.255692641,0.323597403
72,House,200,Republican,221,0.3775,-0.026,0.360331818,-0.035872727
72,House,537,Farmer-Labor,1,-0.179,-0.29,-0.179,-0.29
72,Senate,100,Democrat,53,-0.2365,0.1155,-0.227384615,0.163903846
72,Senate,200,Republican,52,0.3705,0.074,0.367134615,0.081211538
72,Senate,537,Farmer-Labor,1,0.21,0.978,0.21,0.978
73,President,100,Democrat,1,-0.368,0.245,-0.368,0.245
73,House,100,Democrat,322,-0.2415,0.3105,-0.251487578,0.215263975
73,House,200,Republican,120,0.348,-0.2025,0.331091667,-0.24065
73,House,537,Farmer-Labor,5,0.17,0.435,0.1066,0.4562
73,Senate,100,Democrat,65,-0.221,0.243,-0.207938462,0.246107692
73,Senate,200,Republican,37,0.323,0.048,0.331945946,0.096324324
73,Senate,537,Farmer-Labor,1,0.21,0.978,0.21,0.978
74,President,100,Democrat,1,-0.368,0.245,-0.368,0.245
74,House,100,Democrat,329,-0.243,0.166,-0.255620795,0.181633028
74,House,200,Republican,105,0.318,-0.243,0.30507619,-0.27012381
74,House,370,Progressive,7,-0.119,-0.744,-0.107571429,-0.448
74,House,537,Farmer-Labor,3,-0.179,-0.29,-0.076666667,0.031
74,Senate,100,Democrat,77,-0.209,0.243,-0.20784,0.231133333
74,Senate,200,Republican,26,0.276,0.217,0.2972,0.1726
74,Senate,370,Progressive,1,0.048,0.95,0.048,0.95
74,Senate,537,Farmer-Labor,2,0.115,0.989,0.115,0.989
75,President,100,Democrat,1,-0.368,0.245,-0.368,0.245
75,House,100,Democrat,343,-0.239,0.1355,-0.255970588,0.1692
75,House,200,Republican,94,0.318,-0.16,0.313537634,-0.177301075
75,House,370,Progressive,8,-0.1415,-0.5085,-0.15075,-0.42125
75,House,537,Farmer-Labor,5,-0.28,-0.936,-0.2782,-0.7458
75,Senate,100,Democrat,84,-0.2275,0.24,-0.227646341,0.2425
75,Senate,200,Republican,19,0.255,-0.018,0.266882353,0.041823529
75,Senate,328,Independent,1,0.134,0.991,0.134,0.991
75,Senate,370,Progressive,1,0.048,0.95,0.048,0.95
75,Senate,537,Farmer-Labor,2,0.2135,0.977,0.2135,0.977
76,President,100,Democrat,1,-0.368,0.245,-0.368,0.245
76,House,100,Democrat,276,-0.232,0.358,-0.249124542,0.274380952
76,House,200,Republican,178,0.3025,-0.2435,0.308162921,-0.249893258
76,House,370,Progressive,2,-0.101,-0.5375,-0.101,-0.5375
76,House,522,American Labor,1,-0.415,-0.91,-0.415,-0.91
76,House,537,Farmer-Labor,1,-0.268,-0.593,-0.268,-0.593
76,Senate,100,Democrat,73,-0.224,0.243,-0.220493151,0.260945205
76,Senate,200,Republican,27,0.246,-0.172,0.253925926,-0.100592593
76,Senate,328,Independent,1,0.134,0.991,0.134,0.991
76,Senate,370,Progressive,1,0.048,0.95,0.048,0.95
76,Senate,537,Farmer-Labor,2,0.2135,0.977,0.2135,0.977
77,President,100,Democrat,1,-0.368,0.245,-0.368,0.245
77,House,100,Democrat,278,-0.2375,0.2735,-0.257597826,0.262387681
77,House,200,Republican,170,0.316,-0.2095,0.312910714,-0.240041667
77,House,329,Ind. Democrat,1,-0.302,0.6,-0.302,0.6
77,House,370,Progressive,3,-0.119,-0.744,-0.107,-0.606333333
77,House,522,American Labor,1,-0.415,-0.91,-0.415,-0.91
77,House,537,Farmer-Labor,1,-0.268,-0.593,-0.268,-0.593
77,Senate,100,Democrat,76,-0.221,0.312,-0.217643836,0.30730137
77,Senate,200,Republican,31,0.254,-0.098,0.254166667,-0.094366667
77,Senate,328,Independent,1,0.134,0.991,0.134,0.991
77,Senate,370,Progressive,1,0.048,0.95,0.048,0.95
78,President,100,Democrat,1,-0.368,0.245,-0.368,0.245
78,House,100,Democrat,229,-0.2295,0.509,-0.248574561,0.361938596
78,House,200,Republican,218,0.3025,-0.267,0.301720183,-0.281261468
78,House,370,Progressive,2,-0.0785,-0.5085,-0.0785,-0.5085
78,House,522,American Labor,1,-0.415,-0.91,-0.415,-0.91
78,House,537,Farmer-Labor,1,0.099,-0.031,0.099,-0.031
78,Senate,100,Democrat,61,-0.191,0.314,-0.195133333,0.2798
78,Senate,200,Republican,42,0.277,-0.041,0.291738095,-0.091928571
78,Senate,370,Progressive,1,0.048,0.95,0.048,0.95
79,President,100,Democrat,2,-0.371,0.1295,-0.371,0.1295
79,House,100,Democrat,250,-0.2575,0.404,-0.264604,0.3379
79,House,200,Republican,195,0.297,-0.243,0.30345641,-0.244046154
79,House,370,Progressive,1,-0.038,-0.273,-0.038,-0.273
79,House,522,American Labor,1,-0.415,-0.91,-0.415,-0.91
79,Senate,100,Democrat,66,-0.209,0.334,-0.219,0.321815385
79,Senate,200,Republican,42,0.271,-0.1365,0.274952381,-0.151
79,Senate,370,Progressive,1,0.048,0.95,0.048,0.95
80,President,100,Democrat,1,-0.374,0.014,-0.374,0.014
80,House,100,Democrat,194,-0.2195,0.6275,-0.237324742,0.487458763
80,House,200,Republican,253,0.278,-0.3,0.285343874,-0.312660079
80,House,522,American Labor,2,-0.7075,-0.464,-0.7075,-0.464
80,Senate,100,Democrat,47,-0.195,0.564,-0.191531915,0.466297872
80,Senate,200,Republican,51,0.287,-0.172,0.292784314,-0.202686275
81,President,100,Democrat,1,-0.374,0.014,-0.374,0.014
81,House,100,Democrat,267,-0.303,0.344,-0.275569288,0.357876404
81,House,200,Republican,176,0.2715,-0.2365,0.277005682,-0.254284091
81,House,402,Liberal,1,-0.619,-0.188,-0.619,-0.188
81,House,522,American Labor,1,-0.415,-0.91,-0.415,-0.91
81,Senate,100,Democrat,62,-0.221,0.357,-0.239393443,0.362590164
81,Senate,200,Republican,47,0.248,-0.247,0.266531915,-0.289170213
82,President,100,Democrat,1,-0.374,0.014,-0.374,0.014
82,House,100,Democrat,240,-0.2855,0.4305,-0.262333333,0.421
82,House,200,Republican,207,0.271,-0.219,0.280019324,-0.255183575
82,House,328,Independent,1,-0.151,-0.025,-0.151,-0.025
82,Senate,100,Democrat,51,-0.206,0.477,-0.200333333,0.415215686
82,Senate,200,Republican,48,0.273,-0.325,0.276,-0.290395833
83,President,200,Republican,1,0.281,-0.864,0.281,-0.864
83,House,100,Democrat,218,-0.271,0.5655,-0.253344037,0.475481651
83,House,200,Republican,222,0.2745,-0.2285,0.277657658,-0.246054054
83,House,328,Independent,1,-0.151,-0.025,-0.151,-0.025
83,Senate,100,Democrat,54,-0.204,0.528,-0.191792453,0.47145283
83,Senate,200,Republican,56,0.273,-0.389,0.286796296,-0.357592593
83,Senate,328,Independent,1,-0.851,0.525,-0.851,0.525
84,President,200,Republican,1,0.281,-0.864,0.281,-0.864
84,House,100,Democrat,235,-0.305,0.407,-0.279097872,0.43966383
84,House,200,Republican,203,0.268,-0.214,0.277251232,-0.219743842
84,Senate,100,Democrat,51,-0.242,0.428,-0.230235294,0.425862745
84,Senate,200,Republican,47,0.28,-0.334,0.280489362,-0.325595745
84,Senate,328,Independent,1,-0.851,0.525,-0.851,0.525
85,President,200,Republican,1,0.281,-0.864,0.281,-0.864
85,House,100,Democrat,240,-0.306,0.4435,-0.282779167,0.462329167
85,House,200,Republican,204,0.2645,-0.2365,0.268220588,-0.246941176
85,Senate,100,Democrat,53,-0.242,0.525,-0.233962264,0.455943396
85,Senate,200,Republican,48,0.28,-0.3575,0.267854167,-0.337145833
86,President,200,Republican,1,0.281,-0.864,0.281,-0.864
86,House,100,Democrat,286,-0.313,0.349,-0.29570979,0.414604895
86,House,200,Republican,157,0.255,-0.232,0.266717949,-0.228365385
86,House,329,Ind. Democrat,1,0.011,1,0.011,1
86,Senate,100,Democrat,67,-0.265,0.387,-0.272447761,0.368850746
86,Senate,200,Republican,36,0.257,-0.389,0.255944444,-0.363527778
87,President,100,Democrat,1,-0.472,-0.487,-0.472,-0.487
87,House,100,Democrat,273,-0.304,0.352,-0.277285714,0.420307692
87,House,200,Republican,177,0.2445,-0.1915,0.262369318,-0.221079545
87,Senate,100,Democrat,65,-0.296,0.391,-0.277892308,0.387353846
87,Senate,200,Republican,40,0.2775,-0.4,0.26895,-0.3872
88,President,100,Democrat,2,-0.4045,-0.261,-0.4045,-0.261
88,House,100,Democrat,262,-0.3275,0.324,-0.292045802,0.383877863
88,House,200,Republican,181,0.25,-0.187,0.256016575,-0.215729282
88,Senate,100,Democrat,69,-0.311,0.31,-0.291173913,0.340884058
88,Senate,200,Republican,33,0.232,-0.434,0.278424242,-0.429575758
89,President,100,Democrat,1,-0.337,-0.035,-0.337,-0.035
89,House,100,Democrat,301,-0.327,0.229,-0.30076412,0.306697674
89,House,200,Republican,143,0.243,-0.192,0.245825175,-0.209405594
89,Senate,100,Democrat,70,-0.316,0.31,-0.297271429,0.335257143
89,Senate,200,Republican,33,0.308,-0.418,0.279575758,-0.388242424
90,President,100,Democrat,1,-0.337,-0.035,-0.337,-0.035
90,House,100,Democrat,250,-0.3425,0.2365,-0.29552,0.317728
90,House,200,Republican,189,0.241,-0.157,0.243026455,-0.192592593
90,Senate,100,Democrat,64,-0.312,0.31,-0.29890625,0.3414375
90,Senate,200,Republican,37,0.275,-0.434,0.253,-0.426783784
91,President,200,Republican,1,0.552,-0.834,0.552,-0.834
91,House,100,Democrat,250,-0.3445,0.2275,-0.309768,0.289128
91,House,200,Republican,199,0.244,-0.13,0.254623116,-0.177281407
91,Senate,100,Democrat,58,-0.319,0.2545,-0.289051724,0.346
91,Senate,200,Republican,44,0.273,-0.4435,0.250840909,-0.446204545
92,President,200,Republican,1,0.552,-0.834,0.552,-0.834
92,House,100,Democrat,259,-0.344,0.256,-0.310548263,0.294710425
92,House,200,Republican,185,0.246,-0.144,0.2544,-0.176745946
92,Senate,100,Democrat,56,-0.31,0.2715,-0.28675,0.355785714
92,Senate,112,Conservative,1,0.499,-0.441,0.499,-0.441
92,Senate,200,Republican,45,0.271,-0.445,0.233222222,-0.458755556
92,Senate,328,Independent,1,0.092,0.968,0.092,0.968
93,President,200,Republican,2,0.529,-0.79,0.529,-0.79
93,House,100,Democrat,246,-0.3505,0.217,-0.32346748,0.236406504
93,House,200,Republican,195,0.25,-0.118,0.260948718,-0.149958974
93,House,329,Ind. Democrat,1,-0.418,-0.054,-0.418,-0.054
93,Senate,100,Democrat,57,-0.319,0.254,-0.325842105,0.29577193
93,Senate,112,Conservative,1,0.499,-0.441,0.499,-0.441
93,Senate,200,Republican,43,0.278,-0.434,0.264837209,-0.38372093
93,Senate,328,Independent,1,0.092,0.968,0.092,0.968
94,President,200,Republican,1,0.506,-0.746,0.506,-0.746
94,House,100,Democrat,294,-0.3385,0.1165,-0.315289116,0.141880952
94,House,200,Republican,147,0.25,-0.118,0.264918367,-0.175102041
94,Senate,100,Democrat,61,-0.319,0.223,-0.324540984,0.274885246
94,Senate,112,Conservative,1,0.499,-0.441,0.499,-0.441
94,Senate,200,Republican,38,0.2805,-0.4175,0.270842105,-0.378289474
94,Senate,328,Independent,1,0.092,0.968,0.092,0.968
95,President,100,Democrat,1,-0.504,0.119,-0.504,0.119
95,House,100,Democrat,294,-0.3235,0.111,-0.305894558,0.118748299
95,House,200,Republican,147,0.262,-0.132,0.267054422,-0.178605442
95,Senate,100,Democrat,65,-0.329,0.31,-0.319646154,0.2938
95,Senate,200,Republican,38,0.2935,-0.4605,0.269026316,-0.405578947
95,Senate,328,Independent,1,0.092,0.968,0.092,0.968
96,President,100,Democrat,1,-0.504,0.119,-0.504,0.119
96,House,100,Democrat,281,-0.321,0.094,-0.301313167,0.109715302
96,House,200,Republican,161,0.281,-0.154,0.294695652,-0.178583851
96,Senate,100,Democrat,59,-0.319,0.209,-0.312864407,0.262305085
96,Senate,200,Republican,41,0.275,-0.445,0.276634146,-0.39497561
96,Senate,328,Independent,1,0.092,0.968,0.092,0.968
97,President,200,Republican,1,0.692,-0.713,0.692,-0.713
97,House,100,Democrat,247,-0.32,0.07,-0.300396761,0.092226721
97,House,200,Republican,196,0.307,-0.168,0.30644898,-0.198816327
97,House,328,Independent,1,-0.506,-0.057,-0.506,-0.057
97,Senate,100,Democrat,46,-0.314,0.311,-0.299304348,0.260782609
97,Senate,200,Republican,54,0.294,-0.313,0.310240741,-0.317351852
97,Senate,328,Independent,1,0.092,0.968,0.092,0.968
98,President,200,Republican,1,0.692,-0.713,0.692,-0.713
98,House,100,Democrat,272,-0.317,0.049,-0.301783088,0.070827206
98,House,200,Republican,168,0.328,-0.18,0.325586826,-0.206784431
98,Senate,100,Democrat,46,-0.314,0.2595,-0.301326087,0.246695652
98,Senate,200,Republican,55,0.283,-0.279,0.307072727,-0.303490909
99,President,200,Republican,1,0.692,-0.713,0.692,-0.713
99,House,100,Democrat,257,-0.32,0.058,-0.309525292,0.081902724
99,House,200,Republican,182,0.344,-0.2065,0.333703297,-0.21243956
99,Senate,100,Democrat,47,-0.322,0.155,-0.305595745,0.215297872
99,Senate,200,Republican,54,0.281,-0.267,0.313851852,-0.284944444
100,President,200,Republican,1,0.692,-0.713,0.692,-0.713
100,House,100,Democrat,262,-0.32,0.049,-0.309324427,0.084717557
100,House,200,Republican,179,0.346,-0.221,0.335340782,-0.233173184
100,Senate,100,Democrat,55,-0.313,0.137,-0.294363636,0.200272727
100,Senate,200,Republican,46,0.3025,-0.308,0.313695652,-0.334543478
101,President,200,Republican,1,0.557,-0.547,0.557,-0.547
101,House,100,Democrat,265,-0.32,0.012,-0.313049057,0.080879245
101,House,200,Republican,180,0.344,-0.225,0.339644444,-0.248127778
101,Senate,100,Democrat,56,-0.306,0.031,-0.293428571,0.123285714
101,Senate,200,Republican,46,0.316,-0.3,0.322652174,-0.301891304
102,President,200,Republican,1,0.557,-0.547,0.557,-0.547
102,House,100,Democrat,270,-0.3195,0.0115,-0.314225926,0.080288889
102,House,200,Republican,170,0.3495,-0.2115,0.344735294,-0.229258824
102,House,328,Independent,1,-0.527,-0.379,-0.527,-0.379
102,Senate,100,Democrat,58,-0.311,0.01,-0.299172414,0.106034483
102,Senate,200,Republican,44,0.307,-0.3015,0.319431818,-0.306704545
103,President,100,Democrat,1,-0.438,0.033,-0.438,0.033
103,House,100,Democrat,261,-0.336,-0.002,-0.333298851,0.069613027
103,House,200,Republican,180,0.377,-0.1435,0.371072222,-0.182138889
103,House,328,Independent,1,-0.527,-0.379,-0.527,-0.379
103,Senate,100,Democrat,57,-0.309,-0.012,-0.296192982,0.074210526
103,Senate,200,Republican,45,0.346,-0.275,0.337355556,-0.267977778
104,President,100,Democrat,1,-0.438,0.033,-0.438,0.033
104,House,100,Democrat,208,-0.3805,-0.004,-0.361423077,0.061254808
104,House,200,Republican,236,0.385,-0.0905,0.397012712,-0.118139831
104,House,328,Independent,1,-0.527,-0.379,-0.527,-0.379
104,Senate,100,Democrat,48,-0.3085,-0.0485,-0.301520833,0.008604167
104,Senate,200,Republican,55,0.356,-0.234,0.350545455,-0.233254545
105,President,100,Democrat,1,-0.438,0.033,-0.438,0.033
105,House,100,Democrat,212,-0.3835,-0.03,-0.37559434,0.036051887
105,House,200,Republican,231,0.39,-0.053,0.401848485,-0.073813853
105,House,328,Independent,1,-0.527,-0.379,-0.527,-0.379
105,Senate,100,Democrat,45,-0.308,-0.067,-0.310533333,-0.049577778
105,Senate,200,Republican,55,0.381,-0.181,0.373,-0.179236364
106,President,100,Democrat,1,-0.438,0.033,-0.438,0.033
106,House,100,Democrat,213,-0.384,-0.026,-0.372873239,0.044206573
106,House,200,Republican,225,0.391,-0.026,0.404408889,-0.056782222
106,House,328,Independent,2,0.028,0.081,0.028,0.081
106,Senate,100,Democrat,46,-0.302,-0.0855,-0.294913043,-0.062891304
106,Senate,200,Republican,56,0.3735,-0.188,0.363267857,-0.220214286
107,President,200,Republican,1,0.693,-0.539,0.693,-0.539
107,House,100,Democrat,214,-0.3845,-0.0325,-0.376817757,0.039780374
107,House,200,Republican,228,0.402,0.0085,0.409951754,-0.028828947
107,House,328,Independent,2,0.028,0.081,0.028,0.081
107,Senate,100,Democrat,50,-0.3055,-0.079,-0.2947,-0.04172
107,Senate,200,Republican,50,0.3815,-0.1295,0.36814,-0.1969
107,Senate,328,Independent,2,-0.277,-0.603,-0.277,-0.603
108,President,200,Republican,1,0.693,-0.539,0.693,-0.539
108,House,100,Democrat,208,-0.3825,-0.036,-0.376216346,0.047625
108,House,200,Republican,231,0.402,0.021,0.416848485,-0.010290043
108,House,328,Independent,1,-0.527,-0.379,-0.527,-0.379
108,Senate,100,Democrat,48,-0.3085,-0.079,-0.291916667,-0.041104167
108,Senate,200,Republican,51,0.364,-0.128,0.358215686,-0.187647059
108,Senate,328,Independent,1,-0.277,-0.603,-0.277,-0.603
109,President,200,Republican,1,0.693,-0.539,0.693,-0.539
109,House,100,Democrat,203,-0.391,-0.04,-0.387167488,0.030975369
109,House,200,Republican,236,0.409,0.022,0.422804255,-0.002361702
109,House,328,Independent,1,-0.527,-0.379,-0.527,-0.379
109,Senate,100,Democrat,45,-0.326,-0.128,-0.307755556,-0.098955556
109,Senate,200,Republican,55,0.382,-0.121,0.3784,-0.164654545
109,Senate,328,Independent,1,-0.277,-0.603,-0.277,-0.603
110,President,200,Republican,1,0.693,-0.539,0.693,-0.539
110,House,100,Democrat,242,-0.3795,-0.0075,-0.367946281,0.044698347
110,House,200,Republican,206,0.426,0.06,0.439713592,0.026917476
110,Senate,100,Democrat,50,-0.314,-0.118,-0.29558,-0.08588
110,Senate,200,Republican,51,0.402,-0.11,0.392039216,-0.141156863
110,Senate,328,Independent,1,-0.527,-0.379,-0.527,-0.379
111,President,100,Democrat,1,-0.354,-0.203,-0.354,-0.203
111,House,100,Democrat,263,-0.349,-0.007,-0.348098859,0.038893536
111,House,200,Republican,183,0.438,0.06,0.456327869,0.02963388
111,Senate,100,Democrat,66,-0.3165,-0.1075,-0.308924242,-0.072424242
111,Senate,200,Republican,44,0.402,-0.0595,0.399045455,-0.114204545
111,Senate,328,Independent,1,-0.527,-0.379,-0.527,-0.379
112,President,100,Democrat,1,-0.354,-0.203,-0.354,-0.203
112,House,100,Democrat,200,-0.3985,-0.0745,-0.393105,-0.03294
112,House,200,Republican,245,0.467,0.047,0.468334694,0.03337551
112,Senate,100,Democrat,53,-0.319,-0.116,-0.300830189,-0.071811321
112,Senate,200,Republican,48,0.412,-0.0595,0.443895833,-0.085020833
112,Senate,328,Independent,1,-0.527,-0.379,-0.527,-0.379
113,President,100,Democrat,1,-0.354,-0.203,-0.354,-0.203
113,House,100,Democrat,204,-0.3945,-0.0795,-0.38427451,-0.071068627
113,House,200,Republican,240,0.4915,0.082,0.483075,0.043266667
113,Senate,100,Democrat,57,-0.33,-0.12,-0.327491228,-0.078824561
113,Senate,200,Republican,46,0.419,-0.0075,0.471173913,-0.040782609
113,Senate,328,Independent,2,-0.3425,-0.3015,-0.3425,-0.3015
114,House,100,Democrat,190,-0.398,-0.079,-0.394947368,-0.077942105
114,House,200,Republican,251,0.491,0.079,0.481844622,0.041896414
114,Senate,100,Democrat,44,-0.336,-0.1515,-0.334909091,-0.127068182
114,Senate,200,Republican,54,0.447,-0.02,0.480259259,-0.052833333
114,Senate,328,Independent,2,-0.3425,-0.3015,-0.3425,-0.3015
115,President,200,Republican,1,,,,
115,House,100,Democrat,200,-0.396,-0.0745,-0.391215,-0.05446
115,House,200,Republican,250,0.506,0.075,0.490228,0.040856
115,Senate,100,Democrat,48,-0.3375,-0.1345,-0.336604167,-0.105604167
115,Senate,200,Republican,55,0.463,-0.01,0.490581818,-0.024781818
115,Senate,328,Independent,2,-0.3425,-0.3015,-0.3425,-0.3015
116,House,100,Democrat,237,-0.3795,-0.012,-0.369483051,0.00595339
116,House,200,Republican,206,0.517,0.1065,0.503694175,0.066218447
116,House,328,Independent,1,0.356,-0.935,0.356,-0.935
116,Senate,100,Democrat,46,-0.342,-0.139,-0.345911111,-0.127577778
116,Senate,200,Republican,54,0.4725,0.0155,0.496166667,0.036740741
116,Senate,328,Independent,2,-0.3425,-0.3015,-0.3425,-0.3015